QQ好友录,10,用于记录QQ好友的详细资料，包含QQ号码，可以附加简述等信息，这是一本很好的QQ好友资料通讯录，在你会忘记某些好友时，或者找不到某些好友时，要知道好友它可以离开你的，在QQ列表中并不意味着是用于的躺着他的信息。那么你可能需要这个。,好友 QQ 聊天,好友类型:文本||昵称:文本||QQ号码:文本||所属QQ群:文本||简介:文本||标签:文本||备注:文本,20151010003,chat.png
光盘收藏,10,记录DVD、CD的光盘信息,收藏,分类:单选[影视|学习|娱乐|歌曲|其它]||标题:文本||简述:文本||标签:文本||评级:评级||日期:日期||光盘图片:图像||条码:条码||联系人:联系,20151010025,cdvd.png
我喜欢的小说,10,小说信息，可记下都喜欢哪些小说,小说 收藏 书籍,封面:图像||名字:文本||作者:文本||小说类型:文本||阅读状态:文本||阅读情况:文本||链接:超链接||详细信息:文本||存放位置:文本||标签:文本||备注:文本,20151010061,book.png
书籍收藏,10,收藏一些我的书资料信息,书籍 收藏,封面:图像||类型:文本||书籍名:文本||书籍条码:条码||简介:文本||标签:文本||备注:文本,20151010090,book.png
所有的样本库,10,,样本 案例 其它,条目名称:文本||日期时间:日期||文本:文本||整数:整数||实数:实数||布尔:布尔||计算:计算||日期:日期||联系:联系||图像:图像||音频:音频||货币:货币||评级:评级||超链接:超链接||谷歌地图坐标:谷歌地图坐标||条码:条码||连接条目:连接条目||密码:密码||电话:电话||邮箱:邮箱,20151010100,sys.png
漫画信息收藏,10,记录漫画的信息，有封面、作者、漫画名等,漫画 收藏,封面:图像||名字:文本||作者:文本||漫画类型:文本||阅读状态:文本||阅读情况:文本||链接:超链接||详细信息:文本||存放位置:文本||标签:文本||备注:文本,20151010143,cang.png
链接收藏,10,,链接 收藏 资源,分类:文本||链接状态:文本||标题:文本||内容:文本||链接:超链接||发帖时间:日期||备注:文本,20151010241,cang.png
微信好友通讯录,10,,好友 通讯录  实用,微信号:文本||昵称:文本||标签:文本||更多信息:文本,20151010256,sys.png
书画收藏,10,书画信息收藏,书画 收藏,书画图像:图像||书画信息:文本||书画作者:文本||年代:整数||收藏人:文本||鉴证记录:文本||估计:文本,20151010265,cang.png
网址收藏,10,,网址 链接 收藏,标题:文本||链接:超链接,20151010277,cang.png
DVD收藏,10,,DVD 收藏,图片:图像||DVD信息:文本,20151010278,cdvd.png
瓷器收藏,10,喜欢的瓷器，可以记录下资料，非常有用,收藏 瓷器,图片:图像||名称:文本||朝代:文本||宽带:文本||简介:文本||更多信息:文本,20151110011,cang.png
青铜器收藏,10,喜欢的青铜器，记录图片及资料,收藏 青铜器,图片:图像||名称:文本||朝代:文本||出土地点:文本||宽带:文本||简介:文本||更多信息:文本,20151110012,cang.png
我最喜欢的电影,10,记录最爱看的电影,电影 影视,封面:图像||电影名:文本||标签:文本||短介:文本||简介:文本,20151110134,movie.png
小说收藏,10,,小说 收藏 书籍,封面:图像||名字:文本||作者:文本||小说类型:文本||阅读状态:文本||阅读情况:文本||链接:超链接||详细信息:文本||存放位置:文本||标签:文本||备注:文本,20151210007,book.png
游戏怪物收藏,10,,游戏 怪物 收藏,怪物名:文本||图片:图像||地图:文本||标签:文本||简介:文本,20151210011,geam.png
我最喜欢的动漫,9,记录喜欢什么动漫,影视 动漫,封面:图像||动漫名:文本||标签:文本||短介:文本||简介:文本,20151010089,movie.png
记事本,9,,记事本 记录  实用,标题:文本||记事内容:文本||时间:日期时间,20151010267,jilu.png
微信号收藏,9,收藏喜欢的微信号信息,好友 微信 通讯录 聊天,图片:图像||微信名:文本||微信号:文本||微信资料:文本||备注:文本,20151110000,chat.png
我最喜欢的电视,9,记录最爱看的电视剧,电影 影视,封面:图像||电影名:文本||标签:文本||短介:文本||简介:文本,20151110135,movie.png
QQ通讯录,9,QQ好友联系电话通讯信息,好友 QQ 聊天,类型:文本||昵称:文本||真实姓名:文本||qq号:文本||地址:文本||简介:文本||标签:文本||手机:文本||历史手机:文本||邮箱:邮箱||备注:文本,20151010004,chat.png
日记本,9,,实用,天气:单选[晴天|阴天|下雨天|下雪天]||日记内容:文本||标签:文本||时间:日期时间,20151010115,sys.png
电影豆列,9,豆瓣的电影豆列收藏,电影 影视 豆列,失效状态:单选[未失效|已失效|已忽略]||标题:文本||链接:超链接||标签:文本||备注:文本,20151010273,movie.png
我喜欢的QQ群,9,加了很多群，也退出过不少群，是不是会有一些群，你忘记了，想找时，但却找不到了。那最好记录下来，以免再也找不到群的信息，不如就记录起来吧。,QQ 聊天,类型:单选[资源|软件|娱乐]||群名:文本||群图标:图像||群简介:文本||群号码:文本||群二维码:图像||备注:文本,20151010007,chat.png
单词本,9,,英语 单词 生词 实用,背诵状态:单选[未背诵|已背诵|待背诵|已忽略]||熟练:布尔||单词:文本||翻译:文本||语句:文本||备注:文本,20151110061,sys.png
影视观看记录,9,电影、电视、动漫观看记录，可记录观看时间，是否已看,影视 记录,封面:图像||类型:文本||影视名:文本||简述（自写）:文本||标签:文本||备注:文本||观看标识:文本||观看日期:日期||截图:图像,20151010074,movie.png
电话号码表,9,,电话 联系人 号码 实用,姓名:文本||家庭电话:文本||单位电话:文本||手机:文本||呼机:文本||电子邮件:文本||地址:文本,20151110118,sys.png
贴吧好友库,9,贴吧好友信息资料,好友 贴吧 聊天,昵称:文本||标签:文本||备注:文本||头像:图像,20151110133,chat.png
老师电话本,9,,老师 通讯 日常 实用,老师姓名:文本||教课课程:文本||电话:文本,20151128012,shouji.png
贴吧贴子收藏,9,,贴吧 影视 电影 帖子 收藏,贴名:文本||链接:超链接||标签:文本||备注:文本||贴吧:文本||收藏日期:日期,20151010229,movie.png
部门电话表,9,,部门 电话 实用 商业,部门:文本||部门电话:电话||负责人:文本||负责人电话:电话||室号:文本,20151110121,shangye.png
二维码,9,有用的二维码都可以收藏起来,实用,过期状态:单选[未过期|已过期||标题:文本]||二维码:图像||笔记:文本,20151010014,sys.png
记录看过的电影,9,,影视 电影 记录,影名:文本||观影时间:日期||观看状态:单选[未看|已看|忽略,20151010270,jilu.png
收入支出,9,,实用 金融 财务,金额类型:文本||类型:文本||标题:文本||金额:货币||时间:日期||描述:文本,20151010103,jinrong.png
影评库,9,,影视 影评,评分:实数||影片名称:文本||发表人:单选||性质:单选||影片内容:文本||影片日期:日期,20151210010,movie.png
帖子更新楼层,9,,论坛 贴吧 帖子,帖名:文本||内容:文本||链接:超链接||更新时间:日期||更新楼层:序号||备注:文本,20151010064,sys.png
待买物品,9,,日常 实用,物品名:文本||已买:布尔||价格详情:文本||花费:文本||标签:文本||备注:文本,20151010079,rchang.png
快递签收记录,9,记录收到的快递物品,收据,物件名:文本||已签收:布尔||描述:文本||价格:实数||数量:文本||签收日期:日期时间,20151010085,sys.png
电影上映表,9,记录最新上映的电影,电影 影视 上映,封面:图像||类型:文本||影视名:文本||是否上映:文本||上映时间:日期||预计上映时间:日期,20151010157,movie.png
追剧记录,9,,影视 电视剧 记录,剧名:文本||播出详情:文本||完结状态:单选[未完结|已完结]||集数:文本||追剧状态:单选[未看完|正在看|已看完|已忽略],20151110077,jilu.png
书籍信息,9,书籍的信息资料,书籍 资料,封面:图像||书名:文本||ISBN:文本||作者:文本||编辑:文本||页数:文本||单价:实数||出版社:文本||备注:文本,20151110105,book.png
公司职员资料表,9,,公司 商业 职员 资料 实用,部门:文本||电话:电话||电子邮件:邮箱||办公室号码:文本||职位:文本,20151110117,shangye.png
百度贴吧群,9,,贴吧 群,贴吧群名:文本||贴吧群号:文本||群简介:文本||备注:文本,20151128000,chat.png
电影库,9,电影资料库,电影 影视,海报:图像||截图:图像||手绘:图像||豆瓣详细:文本||简介:文本||分类:文本||数据完整度:文本||ID:文本||豆瓣ID:文本||影视名:文本||又名:文本||标签:文本||是否有海报:计算||地区:文本||导演:文本||演员:文本||年代:文本||评分:文本||文件:ft_file||备注:文本||推荐指数:评级||脑力级别:评级||观赏指数:评级||恐怖级别:评级||血腥程度:评级||绝望程度:评级||奇幻指数:评级||画面:评级||血腥:评级||情节:评级||构思:评级||景色:评级||演技:评级||真实性:评级||经典性:评级||拍摄情节:评级||创意及思考:评级||恐怖气氛营造:评级||艺术效果:评级||娱乐程度:评级||剧情紧凑程度:评级||观看状态:文本||影视品质:文本||观看时间:日期||观看结束时间:日期||个人评分:实数||个人描述:文本||链接过期状态:文本||资源链接:超链接||更多链接:文本||,20151010162,movie.png
电影票房,9,记录票房情况,电影 影视 票房,封面:图像||电影名:文本||票房:序号,20151010177,movie.png
电影资源链接,9,经常在网盘分享电影给好友，可以记录下链接，方便查看以及方便发给好友,电影 影视 电影资源 资源,影视名:文本||链接:文本||是否失效:布尔,20151010182,movie.png
贴吧帖收藏夹,9,百度贴吧喜欢的帖子，自己可以收藏记录,贴吧 影视 电影 帖子 收藏,贴吧:文本||贴名:文本||链接:超链接||标签:文本||收藏日期:日期||备份贴内容:文本||备注:文本||图片集:图像,20151010228,movie.png
电影手绘收藏,9,收藏漂亮的电影手绘画,电影 影视 手绘 收藏,彩绘:图像||影视名:文本||来源作者:单选[石墨|白青]||来源地:单选[百度贴吧|网站]||彩绘品质:单选[普通|中等|优秀]||猜解状态:单选[未解|已解]||序号:序列,20151110123,movie.png
电视节目表,9,,电视 节目 电影 影视,频道:文本||节目:文本||开始时间:日期||结束时间:日期||备注:文本,20151010186,movie.png
QQ群等级头衔,8,,QQ 聊天,头衔名:文本||LV1:文本||LV2:文本||LV3:文本||LV4:文本||LV5:文本||LV6:文本||标签:文本||备注:文本,20151010006,chat.png
产品报价表,8,,产品 金融 商业,品名:文本||规格型号:文本||单位:文本||商标:文本||制造商:文本||销价:货币||进货渠道:文本,20151010016,jinrong.png
会议记录,8,,公司 会议 开会 商业,会议题目:文本||会议时间:日期||会议地点:文本||主讲人:文本||记录人:文本||参会人员:文本||会议主要内容:文本,20151010020,shangye.png
便签,8,记录一些零乱的信息,实用,内容:文本||标签:文本||日期:日期,20151010022,sys.png
充值卡管理,8,有卡号及卡密的虚拟卡信息都存起来管理,实用,充值卡名:多选[游戏卡|花费卡|其它卡||备注:文本||卡号:文本||卡密:文本||面额:文本||使用状态:文本||发放人:文本||发放状态:多选[已发|未发],20151010024,credit_cards.png
学习笔记,8,,学习 笔记 学生,标题:文本||内容:文本||标签:文本||备注:文本||日期:日期时间,20151010055,xuesheng.png
客户资料,8,,科幻 商业,联系人资料:联系||姓名:文本||ID:文本||客户状态:文本||最近拜访时间:日期||手机:电话||室内电话:电话||县市:文本||乡镇市:文本||地址:文本||留底:连接条目||保单校正:文件||Email:邮箱||备注:文本||户长:连接条目,20151010057,shangye.png
家庭库存,8,,库存 家庭,项目名称:文本||描述:文本||条码:条码||类别:文本||数量:序号||序列号:文本||模型:文本||购买时间:日期||购买价格:货币||购买:文本||保修:日期||照片:图像||条件:文本,20151010058,sys.png
网站账号密码,8,自定义记录一些上网的账号密码,实用,网站名字:文本||网站URL:超链接||用户名:文本||密码:密码,20151010060,sys.png
怪物掉落库,8,对于游戏怪物掉落的装备、物品信息记录,游戏 天谕 怪物,图片:图像||名称:文本||等级:文本||分类:文本||出没地图:文本||血量:文本||经验:文本||掉落物品:文本||怪物简介:文本||备注:文本,20151010087,geam.png
榜单,8,,其它,榜单名:文本||1:文本||2:文本||3:文本||4:文本||5:文本||6:文本||7:文本||8:文本||9:文本||10:文本||备注:文本,20151010095,sys.png
游戏地图库,8,你可以用于记录任何游戏的游戏地图情况资料，比如暴落物品、怪物等,游戏,地图图片:图像||名称:文本||级别:文本||地区:文本||出没怪物:文本||掉落物品:文本||说明或备注:文本,20151010132,geam.png
游戏好友库,8,,游戏,好友角色图片:图像||游戏名:文本||所属行会:文本||等级:文本||职业:文本||职业信息:文本||相识日期:日期||更多游戏信息:文本||QQ号:文本||QQ号信息:文本||YY号:文本||YY其它信息:文本||电话:电话||邮箱:邮箱||备注:文本||,20151010134,geam.png
游戏时间表,8,,游戏,类型:文本||开始时间:ft_time_interval||结束时间:ft_time_interval||地图:文本,20151010137,geam.png
照片库,8,,照片,拍摄地点:文本||拍摄日期:日期||图册:图像||备注:文本,20151010144,sys.png
物品价格,8,,物品 实用,物品名:文本||物品详细:文本||价格:货币,20151010147,wupin.png
百度经验收藏,8,,知识库,名称:文本||网址:超链接,20151010189,zhishiku.png
美女图收藏,8,美图图图收藏,美女 收藏 相册,默认:文本||图片:图像,20151010200,xiangce.png
QQ群友库,8,QQ群友资料,群友 好友 聊天,头像:图像||好友状态:文本||类型:文本||昵称:文本||QQ号:文本||性别:文本||入群时间:日期||等级:文本||最后发言:日期||职务:文本||手机号:电话||邮箱:邮箱||网站:超链接||标签:文本||备注:文本,20151010202,chat.png
QQ快捷回复,8,聊天时，你需要重复发送给好友一些内容不，或者可以是某种内容，你需要多次需要它，同时也会被用到QQ上发出去。那么你可以把他们记录下来，当你选择某条时，可以将分享发送给好友或者群。,聊天,标题:文本||内容:文本||标签:文本,20151010216,chat.png
视频链接管理,8,一些视频连接都可以收藏下来,视频 链接 管理,视频平台:文本||审核状态:文本||视频名:文本||视频信息:文本||视频链接:超链接||失效状态:文本||上传日期:日期||视频大小(MB):实数||标签:文本||备注:文本,20151010219,sys.png
难题记录,8,学生，对于一些难题可以记录下来,难题 记录 学生 学习,解决状态:文本||标题:文本||题目内容:文本||图片:图像||解答:文本||正确答案:文本,20151010244,jilu.png
食谱,8,,美食 食品,配方名称:文本||类别:文本||成份:文本||方向:文本||照片:图像||评级:评级,20151010247,shipin.png
群公告记录,8,记录QQ群的公告,公告 聊天,群名:文本||公告标题:文本||公告内容:文本||公告时间:日期||备注:文本,20151010259,chat.png
计划任务,8,,计划 任务  实用,任务类型:单选[待进行|未进行|已完成]||任务名:文本||任务内容:文本||任务完成时间:日期||备注:文本,20151010260,clock.png
手绘相册,8,,手绘 艺术 画 实用 相册,手绘图:图像||手绘处理:单选[丢弃|忽略|收藏]||手绘类型:单选[彩色|线绘|其它||手绘时间:日期||手绘信息:文本,20151010264,xiangce.png
游戏怪物库,8,,游戏 怪物,怪物图片:图像||怪物名:文本||地图:文本||怪物简介:文本||爆出物品:文本||备注:文本||怪物等级:整数,20151010272,geam.png
名片,8,名片收藏夹,名片 收藏 实用,图片:图像||标题:文本||信息:文本,20151010279,cang.png
商品价格,8,,金融 商品 物品 价格,图片:图像||商品名:文本||价格:实数||价格详情:文本,20151010282,jinrong.png
员工资料表,8,,名单 员工 商业,图片:图像||档案编号:整数||姓名:文本||性别:单选[男|女|未知]||出生日期:日期||身份证号:文本||职位:文本||家庭住址:文本||工作经历:文本||学历:文本||手机:整数,20151110001,shangye.png
美食的做法,8,,美食 食品,图片:图像||美食名:文本||所需材料:文本||具体做法:文本,20151110022,shipin.png
游戏攻略,8,,游戏 攻略,标题:文本||攻略信息:文本||攻略内容1:文本||图片1:图像||攻略内容2:文本||图片2:图像||攻略内容3:文本||图片3:图像||攻略内容4:文本||图片4:图像||攻略内容5:文本||图片5:图像||攻略内容6:文本||图片6:图像||攻略内容7:文本||图片7:图像||攻略内容8:文本||图片8:图像||攻略内容9:文本||图片9:图像||攻略内容10:文本||图片10:图像||攻略内容11:文本||图片11:图像||攻略内容12:文本||图片12:图像||攻略内容13:文本||图片13:图像||攻略内容14:文本||图片14:图像||攻略内容15:文本||图片15:图像||攻略内容16:文本||图片16:图像||攻略内容17:文本||图片17:图像||攻略内容18:文本||图片18:图像||攻略内容19:文本||图片19:图像||攻略内容20:文本||图片20:图像||攻略内容21:文本,20151110023,geam.png
翻译记录,8,,翻译 记录 英语,原文:文本||翻译:文本,20151110027,jilu.png
代码手记,8,,代码 程序员 编程,标题:文本||代码:文本||注解:文本||图片:图像,20151110028,sys.png
书法资料,8,,书法 艺术 其它,名称:文本||资料:文本||图片1:图像||图片2:图像||图片3:图像||图片4:图像||图片5:图像||图片6:图像,20151110048,sys.png
歌词,8,,娱乐 歌词 歌曲 其它,歌名:文本||歌唱家:文本||歌词:文本,20151110060,sys.png
电影名目录,8,,电影 影视 目录,标题:文本||电影名目录:文本||标签:文本||备注:文本,20151110062,movie.png
证件照片,8,,照片 证件 其它,证件类型:文本||信息:文本||图片1:图像||图片2:图像||图片3:图像,20151110066,sys.png
家庭作业,8,,作业 学生,作业状态:单选[待做|进行中|未完成|已完成]||作业名:文本||作业要求内容:文本||要求的完成时间:日期||备注:文本,20151110068,xuesheng.png
汉字生词本,8,你可以自定义记录汉字生词，可以标记是否已熟悉,生词本 生词 汉字 学生,生词状态:单选[未熟悉|已熟悉|已忽略||生词:文本||注释:文本||备注:文本,20151110069,xuesheng.png
动漫观看记录,8,记录哪些动漫看过了,动漫 记录,动漫名:文本||观看状态:单选[待看|未看|已忽略|已看]||集数:文本||已看集数:文本||观看时间:日期时间,20151110087,jilu.png
漫画阅读记录,8,记录哪些动漫阅读了,漫画 阅读 记录,漫画名:文本||阅读状态:单选[待阅读|未阅读|正在阅读|已阅读|已忽略]||总节或章数:文本||阅读情况:文本,20151110088,jilu.png
美食相册,8,,美食 食品,美食名:文本||美食信息:文本||美食价格:文本||图片1:图像||图片2:图像||图片3:图像||图片4:图像||图片5:图像||图片6:图像,20151110091,shipin.png
游戏装备,8,,游戏,图片1:图像||图片2:图像||装备名:文本||装备信息:文本||价格:文本,20151110093,geam.png
游戏物品价格,8,,游戏,图片1:图像||图片2:图像||物品名:文本||物品价格:文本||物品详情:文本,20151110095,geam.png
游戏任务时间表,8,,游戏,任务名:文本||任务时间:日期||任务详情信息:文本,20151110098,geam.png
项目,8,,商业,项目名:文本||已完成:布尔||项目内容:文本||备注:文本,20151110102,shangye.png
美食价格,8,美食价格记录,美食 食品,美食名:文本||美食信息:文本||美食价格:文本||地点:文本||图片1:图像||图片2:图像||图片3:图像||图片4:图像||图片5:图像||图片6:图像,20151110107,shipin.png
活动计划,8,,活动 计划,活动状态:单选[待计划|进行中|未完成|已完成|已忽略]||活动名:文本||活动信息:文本||人员:文本||开始时间:日期||结束时间:日期||备注;文本,20151110108,clock.png
问题记录,8,,问题 记录,标题:文本||问题内容:文本||问题答案:文本||是否已解决:单选[未解决|已解决]||备注:文本,20151110113,jilu.png
考试成绩表,8,,考试 成绩 学生,姓名:文本||语文:文本||名次:文本||数学:文本||名次:文本||外语:文本||名次:文本||综合:文本||名次:文本||总分:文本||名次:文本,20151110120,xuesheng.png
学生电话信息,8,,学习 学生 电话 手机 通讯录,姓名:文本||年龄:文本||家庭住址:文本||家长:文本||电话:文本||备注:文本,20151110139,shangye.png
同事电话本,8,,学习 学生 电话 手机 通讯录,姓名:文本||职务:文本||电话:文本,20151110140,shangye.png
漫画书信息,8,你可以记录每个漫画书的书籍信息，比如封面、漫画书名、作者等。,漫画 书籍,封面:图像||漫画名:文本||作者:文本||状态:单选[连载|已完结]||简介:文本||漫画链接:文本||是否阅读:布尔,20151110142,shangye.png
漫画收藏,8,,漫画 书籍,漫画封面:图像||漫画名:文本||漫画作者:文本||是否已看:布尔||漫画图:图像,20151110143,shangye.png
贴吧收藏,8,记录自己都喜欢哪些贴吧,贴吧,贴吧名:图像||兴趣类别:单选[动物|书籍|影视]||贴吧logo:图像||贴吧信息:文本||贴吧链接:文本,20151110144,shangye.png
诗词,8,,诗词 其它,诗词名:文本||诗人:文本||朝代:文本||诗词内容:文本,20151110149,shangye.png
学生成绩表,8,,商业,姓名:文本||语文:文本||数学:文本||化学:文本||物理:文本||生物:文本||英语:文本||地理:文本||历史:文本||总分:文本,20151110156,shangye.png
成绩单,8,,商业 学生 成绩 教学 学校,序号:整数||学号:整数||姓名:文本||总评成绩:实数,20151110162,shangye.png
出货单,8,,商业,商品名称及规格:文本||单位:文本||数量:整数||单价:实数||金额:实数||合计:实数||备注:文本,20151110163,shangye.png
教师名册,8,,商业 教师 教学 学校,序号:文本||姓名:文本||性别:文本||籍贯:文本||年龄:文本||党派:文本||专业技术职务及时间:日期||最后学历及时间:日期||最后学位及时间:日期||系（教研室）:文本||任教时间:日期||备注:文本,20151110184,shangye.png
教学管理队伍一览表,8,,商业 教师 教学 学校,序号:文本||姓名:文本||性别:文本||年龄:文本||学历:文本||学位:文本||所学专业:文本||毕业学校:文本||职称:文本||职务:文本||岗位:文本||从事教学管理时间:日期,20151110186,shangye.png
校友名册,8,,学生 大学生 教学 学校,序号:文本||姓名:文本||性别:文本||入校时间:日期||所学专业:文本||毕业时间:日期||学历、学位:文本||工作单位:文本||职务、职称:文本||通讯地址:文本||联系电话:文本||重要贡献简短附言:文本,20151110195,shangye.png
商品订购表,8,,商业,产品代码:文本||产品说明:文本||正常补货量:文本||订单数量:文本||定货总计:文本||订单金额:文本||配额:文本||库存数量:文本||采购价格:文本||仓库:文本,20151110204,shangye.png
干部名册,8,,商业,单  位:文本||职  务:文本||姓名:文本||现职时间:日期||现职级:文本||现职级时:文本||性别:文本||民族:文本||出生时间:日期||籍贯:文本||出生地:文本||参加工作时间:日期||党派:文本||加入时间:日期||全日教育学历:文本||学位:文本||毕业院校:文本||学习 专业:文本||在职教育学历:文本||学位:文本||毕业院校:文本||学习 专业:文本||专业  技术  职务:文本||备注:文本,20151110208,shangye.png
货物目录,8,,商业,商品类别:文本||商品编号:文本||商品名称:文本||备注:文本,20151110216,shangye.png
缴费记录,8,,费用 缴费 日常,缴费名:文本||缴费时间:日期时间||缴费金额:文本||备注:文本,20151128002,jinrong.png
记好软件,8,,软件 记录,软件图片:图像||软件名:文本||标签:文本||软件用途:文本||下载链接:文本||记录时间:日期时间||备注:文本,20151128003,rchang.png
百度盘链接管理,8,,链接 分享 管理 网盘,文件名:文本||链接:文本||已失效:布尔||记录日期:日期时间||备注:文本,20151128004,rchang.png
记我购买的数码产品,8,,电脑 数码,数码产品名称:文本||购买日期:日期时间||价格:文本||说明:文本||保修期:文本||保修到期:日期时间||备注:文本||图片:图像,20151128008,shuma.png
作业任务,8,,作业 学生 任务,作业名:文本||完成:布尔||作业详细:文本,20151128010,jilu.png
同学相册,8,,学生 相册,姓名:文本||照片1:图像||照片2:图像||照片3:图像,20151128011,xiangce.png
刻录碟片管理,8,,刻录 碟片 CD DVD 实用,碟片名:文本||文档类型:文本||已废:布尔||标签:文本||备注:文本,20151128020,cdvd.png
档案管理,8,,档案 文档 管理,档案文件夹名:文本||档案名:文本||详细:文本||文件标签:文本||级别:评级||备注:文本,20151128021,wupin.png
零食价格,8,,食品 食物 日常,图片:图像||名称:文本||价格:文本||厂商:文本||好吃感受:文本||标签:文本||备注:文本,20151128025,shipin.png
物品购买记录,8,,日常 实用 物品 购买 记录,图片:图像||名称:文本||购买日期:日期时间||价格:文本||购买方式:文本||链接:文本||标签:文本||规格参数:文本||保修期:文本||备注:文本,20151128028,wupin.png
草药,8,,药品 药物 草药 其它,图片:图像||名称:文本||别名:文本||价格信息:文本||形态特征:文本||生产地:文本||功效作用:文本||病症治疗:文本||栽培技术:文本,20151128030,zhiwu.png
病症,8,,疾病 病症 健康 其它,名称:文本||病症别名:文本||病因:文本||临床表现:文本||诊断:文本||治疗:文本||预防:文本||预后:文本||标签:文本||备注:文本,20151128031,controls.png
钥匙编号管理,8,,钥匙 管理 日常,图片:图像||编号:文本||开锁的东西:文本||丢失:布尔||记录时间:日期时间,20151128042,wupin.png
电脑问题库,8,,电脑,问题:文本||答案:文本||备注:文本,20151210002,pc.png
联系人,8,,通讯 其它,姓名:文本||标题:文本||主页:超链接||性别:单选[男|女]||生日:日期||周年纪念:文本||位置:文本||邮箱1:邮箱||邮箱2:邮箱||手机:电话||家庭电话:电话||家庭电话2:电话||手机2:电话||寻呼机:文本||商务传真:文本||家庭地址:文本||街:文本||街2:文本||街3:文本||家庭地址邮政信箱:文本||家位于的城市:文本||家居:文本||家庭邮政码:文本||国家:文本||配偶:文本||儿童:文本||助理:文本||简述:文本||公司主营手机:电话||商务手机1:电话||商务手机2:电话||业务传真:文本||助理的电话:电话||公司:文本||职位名称:文本||部门:文本||办公地点:文本||身份证号码:文本||职业:文本||账户:文本||企业地址:文本||商业街:文本||商业街2:文本||商业街3:文本||企业信箱地址:邮箱,20151210003,chat.png
任务,8,,其它 计划,标题:文本||描述:文本||优先:文本||时间:日期||任务状态:文本,20151210004,clock.png
软件激活码,8,,其它 软件 激活码,类型:文本||软件系列:文本||软件名:文本||标签:文本||内容:文本||备注:文本,20151210005,sys.png
书籍阅读记录,8,,书籍,书籍封面:图像||类型:文本||书籍名:文本||书籍链接:超链接||标签:文本||简介:文本||已读章节:文本||未读章节:文本||阅读日期:日期||阅后日期:日期||备注:文本,20151210006,book.png
邪恶力量 数据库,8,,影视 电视剧,类型:文本||季 部:文本||集数:文本||剧情简介:文本||名称:文本||标签:文本||简介:文本||备注:文本||图片:图像,20151210008,movie.png
写小说,8,,小说 书籍,章节:文本||小说内容:文本,20151210009,book.png
游戏激活码,8,,游戏 激活码,数量类型:单选||是否失效:单选||激活码:文本||激活码数量:整数||获得日期:日期||备注信息:文本,20151210012,geam.png
游戏任务Ⅲ,8,,游戏 任务,任务名:文本||已完成:布尔||任务内容:文本||收获:文本,20151210013,geam.png
新闻收藏,8,,新闻 资讯 收藏,标题:文本||链接:超链接,20151210014,jilu.png
更新历史,8,,软件 更新 其它,版本号:文本||更新内容:文本||更新时间:日期,20151210015,clock.png
活动计划Ⅱ,8,,活动 计划 其它,活动名:文本||完成:布尔||活动日期:日期||结束日期:日期||活动详情:文本||备注:文本,20151210016,clock.png
书籍借还,7,,书籍 借还,借还状态:单选[已还|未还]书籍名:文本||书籍信息:文本||借记时间:日期||还借时间:日期||费用:货币||备注:文本,20151010011,book.png
歇后语,7,,歇后语 其它,内容:文本||歇后语:文本,20151110150,shangye.png
VR游戏收藏库,7,自定义记录喜欢的一些VR游戏资料,VR 虚拟现实 游戏 网络,图标:图像||名称:文本||标签:文本||功能介绍:文本||喜欢程度:单选[一般|超喜欢]||是否免费:布尔||大小:实数||类别:多选[场景体验|角色扮演|飞行射击|东西冒险|体育竞技|益智休闲]||分类:多选[恐怖|场景|动作|射击|冒险]||游戏引擎:多选[虚幻|unity 3d]||应用图片:图像||画面:评级||游戏性:评级||沉浸感:评级||难度:评级||悬疑指数:评级||综合评定:评级||软件平台:多选[全平台通用|安卓|苹果|电脑]||操作系统:多选[安卓2.3以上|安卓4.1以上|安卓4.0以上|windows7|winodws8|windows 10]||支持设备:多选[VR纸盒|暴风魔镜|VR BOX|灵境小白|VIRGLASS|Gear VR一代|Oculus DK1|Oculus DK2|3Glasses D1|3Glasses D2|大朋头盔E2|大朋头盔|3G]||控制操作:多选[蓝牙遥控器|陀螺仪|暴风魔镜蓝牙遥控器]||具体操作:文本||辅助所需:文本||适配机型:多选[VR一体机头盔|安卓手机|电脑]||下载来源:多选[3D播播|暴风魔镜|暴风魔镜论坛|虚虚VR助手|591市场]||资源下载页面:超链接||网盘下载:文本||更多信息:文本||存储文件名||存储位置:多选[百度云|360云盘|本地硬盘],20151010008,geam.png
WIFI收藏,7,日常中会见得一些wifi账号密码，可以记录下来，以免忘记,wifi 网络,WIFI名:文本||密码:文本||地点:文本||时间:日期时间,20151010009,wifi.png
中国百鬼录,7,百鬼资料,百科 知识库,图片:图像||鬼名:文本||简介:文本,20151010010,zhishiku.png
书籍阅读记录,7,记录书籍是否阅读，阅读的情况,书籍 阅读 记录,书籍封面:图像||类型:单选[科学|文学|小说|其它]||书籍名:文本||书籍链接:超链接||标签:文本||简介:文本||已读章节:文本||未读章节:文本||阅读日期:日期||阅后日期:日期||备注:文本,20151010012,book.png
事件,7,事件记录,事件 记录,标题:文本||描述:文本||开始:日期||结束:日期||在哪里:谷歌地图坐标||联系:联系||完成:计算,20151010013,jilu.png
交易日记账,7,,交易 记账 金融 商业,零售:文本||批发:文本||应收未收:文本||应付未付:文本||应收已收:文本||应付已付:文本,20151010015,jinrong.png
借钱还钱备忘,7,,实用,借钱类型:单选[借钱|还钱]||借钱还钱人:文本||金额:实数||借钱日期:日期||还钱日期:日期||备注:文本,20151010023,sys.png
动漫阅读记录,7,记录哪些动漫阅读了,动漫 记录 阅读,封面:图像||漫画名:文本||收藏类型:文本||漫画来源:文本||链接:超链接||阅读日期:日期||标签:文本||备注:文本||精彩截图:图像,20151010028,jilu.png
声望任务库,7,,游戏 天谕,任务名:文本||任务简介:文本||地点图片:图像||领取条件:文本||任务内容:文本||可获声望:文本,20151010035,geam.png
天谕商品库,7,,游戏 天谕,商店名:文本||商品名:文本||商品图片:图像||职业:单选[玲珑|流光]||云币:序号||云卷:序号||声望:文本||要求:文本||标签:文本||备注:文本||NPC:文本||所在地点:文本||地图:文本,20151010038,geam.png
天谕怪物库,7,,游戏 天谕,图片:图像||名称:文本||怪物级别:文本||介绍:文本||笔记:文本,20151010039,geam.png
天谕捏脸数据库,7,,游戏 天谕,脸型:文本||效果图:图像||名称:文本||捏脸数据文件:文件||标签:文本||备注:文本,20151010041,geam.png
天谕时装,7,天谕游戏，时装相册,游戏 天谕,标题:文本||描述:文本||标签:文本||备注:文本||截图:图像,20151010043,geam.png
天谕材料库,7,,游戏 天谕,类型:文本||名称:文本||图片:图像||必获:文本||几率获得:文本||采集区域坐标点:文本||区域地图:图像,20151010044,geam.png
天谕表格,7,可以收藏看到的游戏资料一些表格图片或截图，可以帮助我们了解升级、物品等，非常有用,游戏 天谕,主标题:文本||来源:文本||主内容:文本||标题1:文本||表格集1:图像||内容1:文本||标题2:文本||表格集2:图像||内容2:文本||标题3:文本||表格集3:图像||内容3:文本||标题4:文本||表格集4:图像||内容4:文本||标题5:文本||表格集5:图像||内容5:文本||标题6:文本||表格集6:图像||内容6:文本,20151010046,geam.png
好友头像库,7,,头像 相册,昵称:文本||头像1:图像||标签:文本||备注:文本,20151010050,xiangce.png
客户名单,7,,客户 商业,编号:文本||姓名:文本||年纪:文本||星座:文本||工作:文本||居住地:文本||家庭概括:文本||业务:文本||时间日期:日期||备注:文本,20151010056,shangye.png
宿舍钥匙编号,7,用于管理宿舍钥匙的分配,日常 宿舍 实用 管理,宿舍编号:文本||钥匙编号:序号||使用状态:文本||使用人:文本||使用日期:日期||历史记录:文本||备注:文本,20151010059,rchang.png
弑神金装材料库,7,,游戏 天谕,图示:图像||数据标题:文本||简介:文本||个人副本获得:图像||金装材料:图像||材料换算:图像||需求:图像||宝箱:图像,20151010068,geam.png
影视物品库,7,影视物品资料,影视,图片:图像||分类:文本||影视名:文本||名称:文本||简介:文本||类型:文本||季 部:文本||集数:序号||剧情简介:文本||标签:文本||备注:文本,20151010073,movie.png
待看影视,7,记录正打算看的电影电视动漫,待办 计划 影视 电影,类型:文本||状态:文本||影视名:文本,20151010081,clock.png
怪物地域分布,7,,游戏 天谕 怪物,怪物名:文本||分布图片:图像||分布描述:文本||分布坐标:文本||备注:文本,20151010086,geam.png
我的游戏物品库,7,,游戏 天谕,物品图片:图像||物品获得类型:文本||物品名:文本||物品介绍:文本||物品参数:文本||地图:文本||怪物:文本||备注信息:文本,20151010097,geam.png
捏脸数据库,7,,天谕 游戏,脸型:文本||效果图:图像||名称:文本||捏脸数据文件:ft_file||标签:文本||备注:文本,20151010102,geam.png
收音机电台,7,收音机电影收藏，频率、电台号,收音机 电台 日常,频道:文本||频率:文本||节目表:文本||标签:文本||备注:文本,20151010106,rchang.png
文件索引,7,一些重要的文件做下标签（模糊词），想不起来时，非常的有用,工作 文件 其它 电脑,文件名:文本||标签:文本||备注:文本,20151010109,pc.png
最受欢迎的导演,7,导演资料信息,导演 影视 电影,图片:图像||名字:文本||描述:文本||代表作:文本||豆瓣影迷人数:序号||来源:文本,20151010118,movie.png
最新上映,7,记录最新上映的电影，有上映时间,影视 电影 上映,影视名:文本||描述:文本||上映时间:日期||图片:图像,20151010119,movie.png
清单,7,,实用 日常,清单名:文本||清单:多选[请写名1|请写名2],20151010125,rchang.png
游戏NPC库,7,游戏npc资料,游戏,NPC类型:文本||名称:文本||名言:文本||地图:文本||坐标:文本||简介:文本,20151010126,geam.png
游戏任务,7,游戏任务的资料信息,游戏,名称:文本||推荐等级:文本||需求等级:文本||种族:文本||地区:文本||说明:文本,20151010127,geam.png
游戏怪物掉落库,7,,游戏,图片:图像||名称:文本||等级:文本||分类:文本||出没地图:文本||血量:文本||经验:文本||掉落物品:文本||怪物简介:文本||备注:文本,20151010135,geam.png
游戏数据库,7,自定义记录任何一个游戏的装备、物品等资料,游戏,类型:文本||图像:图像||名称:文本||简介:文本||数据参数:文本||标签:文本,20151010136,geam.png
游戏活动,7,,游戏,活动名:文本||已参与:布尔||活动日期:日期||结束日期:日期||活动详情:文本||收获:文本,20151010138,geam.png
游戏装备库,7,,游戏,装备类型:文本||图片:图像||装备名字:文本||等级:文本||品质:文本||职业限制:文本||说明:文本,20151010142,geam.png
物品借还,7,,物品 实用,借还状态:文本||物品名:文本||物品信息:文本||借记时间:日期||还借时间:日期||费用:货币||备注:文本,20151010148,wupin.png
物品有效期,7,你可以记录食品的有效期情况,物品,图片:图像||物品名:文本||生产日期:日期||保质月数:序号||过期日期:日期||简介:文本||备注:文本,20151010151,wupin.png
电影DVD收藏,7,,电影 DVD 影视 收藏,光盘图片:图像||图片:图像||影视名:文本||影视简介:文本||播放时间:日期||碟数:序号||格式:文本||语言:文本||字幕:文本||演员:文本||配音:文本||宽高比:文本||出版社:文本||发布日期:日期||ASIN:文本||评级:评级,20151010156,cdvd.png
电影海报收藏,7,电影海报图片收藏,电影 影视 海报,影名:文本||海报:图像||标签:文本||年代:文本||备注:文本,20151010168,movie.png
电影盘点,7,,电影 影视,封面:图像||电影名:文本||简介:文本||主演:文本,20151010173,movie.png
电影语录,7,电影角色经典语录,电影 影视,图像:图像||电影名:文本||角色名:文本||经典语录:文本||标签:文本||备注:文本,20151010180,movie.png
电脑知识,7,,电脑,标题:文本||内容:文本,20151010184,pc.png
病历记录,7,,疾病 记录 健康,病因表现:文本||病因其它:文本||病症:文本||病症其它:文本||所服药物:文本||发病日期:日期||治疗日期:日期||治疗地点:文本,20151010188,jilu.png
稿件记录,7,,稿件 稿子 记录 工作者,审核状态:文本||帖子标题:文本||内部链接:超链接||外部链接:超链接||稿件品质:文本||点卡:文本||工资结算:文本||发帖日期:日期||审核递交日期:日期||审核处理日期:日期||标签:文本||备注:文本,20151010193,jilu.png
简历,7,,工作者 商业 职业,照片:图像||姓名:文本||出生年月:文本||性别:文本||学历:文本||专业:文本||民族:文本||籍贯:文本||毕业院校:文本||爱好:文本||户口所在地:文本||特长:文本||教育状况:文本||自我鉴定:文本||工作誓言:文本||工作经历:文本||联系方式:文本||求职意向:文本,20151010194,shangye.png
精品软件库,7,自定义记录喜欢的软件,精品 软件 实用,软件平台:多选[微软|苹果|安卓|MAC|其它]||标记:文本||软件是否稀少:文本||软件名:文本||简述:文本||简介:文本||标签:文本||收藏时间:日期||软件图标:文本||存储位置:文本||存储路径:文本||下载地址:超链接||截图1:图像||截图2:图像||截图3:图像||截图4:图像||截图5:图像||截图6:图像,20151010197,sys.png
美食,7,可记录某些地方的美食有什么，多少钱，美食情况,美食,美食:文本||图片:图像||价格:文本||信息:文本||餐厅:文本||地址:文本,20151010201,shipin.png
节假日,7,记录一些放假时间信息,假日 节假日 放假 玩乐 日常,节假日名:文本||节假日内容:文本||开始时间:日期||结束时间:日期||状态:文本,20151010207,rchang.png
药品价格,7,,疾病 健康 药品 价格 金融,图片:图像||药品名:文本||描述:文本||价格详细:文本||价格:货币||记录时间:日期||标签:文本||备注:文本,20151010208,jinrong.png
蔬菜价格,7,,蔬菜 价格 金融,图片:图像||蔬菜名:文本||描述:文本||价格详细:文本||价格:货币||记录时间:日期||标签:文本||备注:文本,20151010210,jinrong.png
观剧集数记录B,7,,电视 影视 电视剧 记录,类型:文本||剧名:文本||总共集数:序号||已看集数:序号||备注:文本||是否已看:计算,20151010213,jilu.png
观影日记,7,记录观看的电影,影视 电影,封面:图像||电影名:文本||日期:日期,20151010217,movie.png
观影计划,7,,影视 电影 计划,图片:图像||影视名:文本||上映时间:日期||票价详情:文本||票价:序号||观看地点:文本||观看状态:文本||观看时间:日期||购票状态:文本,20151010218,clock.png
讲座笔记,7,,笔记 讲座 记录,类:文本||日期和时间:日期||老师的名字:文本||讲座题目:文本||作业:文本||笔记:文本||照片:图像||记录:音频||档案:文件,20151010221,jilu.png
购物计划,7,,计划,计划名:文本||物品:文本||价格:货币||购买状态:文本,20151010226,clock.png
超市物品价格,7,,超市 金融 物品 价格 营销,物品名:文本||图片:图像||重量价格:文本||价格:货币||备注:文本||记录日期:日期,20151010233,jinrong.png
进度跟踪,7,,实用 计划 进度,日期时间:日期||进度数:实数||名称:文本,20151010237,clock.png
通用升级攻略,7,可以记录任意游戏的升级攻略资料,攻略 游戏,攻略名:文本||地点名:文本||等级阶段:文本||攻略内容:文本||图片:图像,20151010238,geam.png
金装材料,7,,游戏 天谕 材料,数据类型:文本||等级:序号||物品名:文本||材料1:文本||获得途径:文本||数量1:序号||材料2:文本||数量2:序号||材料3:文本||数量3:序号||材料4:文本||数量4:序号||材料5:文本||数量5:序号||材料6:文本||数量6:序号||材料7:文本||数量7:序号,20151010240,geam.png
阅读笔记,7,,阅读 笔记 记录,类:文本||日期和时间:日期||老师的名字:文本||讲座题目:文本||作业:文本||笔记:文本||照片:图像||记录:音频||档案:ft_file,20151010243,jilu.png
物品购买记录,7,,物品 购物 记录,物品名称:文本||购买类型:单选[已买|未买|待买]||金额:实数||备注:文本,20151010252,jilu.png
备忘库,7,,备忘 其它,标题:文本||内容:文本||标签:文本||记录时间:日期时间,20151010255,sys.png
电脑资讯,7,,电脑,资讯标题:文本||资讯内容:文本||链接:超链接||备注:文本,20151010258,pc.png
鬼故事,7,可以把一些喜欢的短篇鬼故事记录下来,故事 实用,故事名:文本||作者:文本||故事内容:文本,20151010262,sys.png
有声小说,7,记录喜欢的有声小说,故事 实用,小说名:文本||作者:文本||在线地址:超链接||是否已下载:单选[未下载|已下载|待下载]||是否听完:单选[未听完|已听完]||小说分类:单选[玄幻|武侠|恐怖],20151010263,sys.png
分享链接管理,7,网盘文件分享链接管理，超方便,链接 资源,失效状态:单选[未失效|已失效|已忽略]||分享的文件名:文本||标签:文本||链接:超链接||备注:文本||记录时间:日期时间,20151010269,sys.png
电费结算,7,,电费 实用,单名:文本||开始日期:日期||结束日期:日期||单价:文本||天数:整数||电量:文本||费用:文本,20151010281,sys.png
动物百科,7,,知识库 动物,图片:图像||动物名:文本||资料:文本,20151110002,zhishiku.png
植物百科,7,,知识库 植物,图片:图像||动物名:文本||资料:文本,20151110003,zhishiku.png
恐龙百科,7,,知识库 动物 恐龙,图片:图像||动物名:文本||资料:文本,20151110004,zhishiku.png
鸟类数据库,7,鸟类资料库,知识库 鸟类 动物,鸟类图片:图像||名称:文本||虹膜:文本||型:文本||类:文本||描述:文本||叫声:文本||地图:图像||分布范围:文本||分布状况:文本||习性:文本,20151110014,niao.png
鸟类饲养日志,7,鸟类饲养记录,鸟 动物 日志 饲养,标题:文本||鸟类信息:文本||饲养信息:文本||标签:文本||照片1:图像||照片2:图像||照片3:图像||照片4||图像||照片5:图像||照片6:图像,20151110017,niao.png
植物相册,7,,植物 相册,植物名:文本||植物资料:文本||图片1:图像||图片2:图像||图片3:图像||图片4:图像||图片5:图像||图片6:图像,20151110036,xiangce.png
金鱼相册,7,,动物 相册,金鱼名:文本||金鱼资料:文本||图片1:图像||图片2:图像||图片3:图像||图片4:图像||图片5:图像||图片6:图像,20151110037,xiangce.png
花草相册,7,,植物 相册,花草名:文本||花草资料:文本||图片1:图像||图片2:图像||图片3:图像||图片4:图像||图片5:图像||图片6:图像,20151110038,xiangce.png
动物相册,7,,动物 相册,动物名:文本||动物资料:文本||图片1:图像||图片2:图像||图片3:图像||图片4:图像||图片5:图像||图片6:图像,20151110039,xiangce.png
蛇类相册,7,,动物 相册,动物名:文本||动物资料:文本||图片1:图像||图片2:图像||图片3:图像||图片4:图像||图片5:图像||图片6:图像,20151110040,xiangce.png
衣服相册,7,,衣服 相册,衣服名:文本||资料:文本||图片1:图像||图片2:图像||图片3:图像||图片4:图像||图片5:图像||图片6:图像,20151110041,xiangce.png
动漫相册,7,,动漫 影视 相册,标题:文本||内容:文本||图片1:图像||图片2:图像||图片3:图像||图片4:图像||图片5:图像||图片6:图像,20151110044,xiangce.png
兵器相册,7,,相册 兵器,兵器名称:文本||资料:文本||图片1:图像||图片2:图像||图片3:图像||图片4:图像||图片5:图像||图片6:图像,20151110046,xiangce.png
艺术画,7,相册，可以保存艺术画图片,艺术 画 相册,名称:文本||资料:文本||图片1:图像||图片2:图像||图片3:图像||图片4:图像||图片5:图像||图片6:图像,20151110047,xiangce.png
手绘相册Ⅱ,7,,手绘 画 相册,名称:文本||资料:文本||图片1:图像||图片2:图像||图片3:图像||图片4:图像||图片5:图像||图片6:图像,20151110049,xiangce.png
油画相册,7,,油画 画 相册,名称:文本||资料:文本||图片1:图像||图片2:图像||图片3:图像||图片4:图像||图片5:图像||图片6:图像,20151110050,xiangce.png
素描相册,7,,素描 画 相册,名称:文本||资料:文本||图片1:图像||图片2:图像||图片3:图像||图片4:图像||图片5:图像||图片6:图像,20151110051,xiangce.png
火车出行计划,7,,出行 计划,目的地:文本||起始地:文本||路途用时:文本||列车:文本||出发时间:日期||备注:文本,20151110052,clock.png
天象观测记录,7,,记录 天象,天象:文本||日期:日期||地区:文本||天象资料:文本||备注:文本||图片1:文本||图片2:文本||图片3:文本,20151110056,jilu.png
姓氏大全,7,,知识库,姓氏:文本||来源:文本||更多资料:文本||备注:文本||图片1:图像||图片2:图像||图片3:图像,20151110057,zhishiku.png
军事事件记录,7,,军事 事件 记录,事件名:文本||事件发生时间:日期||事件情况:文本||备注:文本||图片1:图像||图片2:图像||图片3:图像||图片4:图像||图片5:图像||图片6:图像,20151110058,jilu.png
谜语,7,,谜语 娱乐 知识库,谜语:文本||答案:文本||相关资料:文本,20151110059,zhishiku.png
邮票收藏,7,,邮票 收藏 实用,邮票正面:图像||邮票背面:图像||邮票名称:文本||邮票资料:文本,20151110064,cang.png
家常饭菜,7,,常见 食物 实用 食品,图片1:图像||图片2:图像||饭菜名:文本||材料:文本||具体做法:文本,20151110065,shipin.png
抢红包记录,7,抢红包的记录，可以记录下，在哪个群抢到的红包，是谁发放的红包，抢到了多少。,红包 记录,群类型:单选[QQ群|微信群|好友|其它]||群名称:文本||发放人:文本||发放时间:日期||发放金额:实数||抢到金额:实数||备注:文本,20151110067,jilu.png
好友生日,7,,好友 生日,昵称:文本||真实姓名:文本||生日:日期||备注:文本,20151110070,sys.png
电脑做系统记录,7,,电脑 系统,电脑名:文本||装机时间:日期||系统版本:文本||做系统记录:文本||链接:文本||备注:文本,20151110073,pc.png
户外野营记录,7,,野营 计划 记录,状态:单选[待进行|进行中|未进行|已完成|已忽略]||野营名:文本||野营详情:文本||野营人员:文本||野营配置:文本||图片1:图像||图片2:图像||图片3:图像,20151110076,clock.png
彩票购买记录,7,每次购买彩票记录号码，是否中奖，一查询就知道了，有用,娱乐 彩票 购物 记录,彩票名:文本||购买时间:日期||中奖状态:单选[未中奖|已中奖||中奖详情:文本||中奖金额:文本||备注:文本,20151110078,jilu.png
衣服价格,7,,衣服 价格 金融,衣服名:文本||购买时间:日期||价格:文本,20151110085,jinrong.png
小说阅读记录,7,记录小说是否已阅读,小说 阅读 记录,小说名:文本||阅读状态:单选[待阅读|未阅读|正在阅读|已阅读|已忽略]||总节或章数:文本||阅读情况:文本,20151110090,book.png
游戏套装,7,,游戏,套装名:文本||套装信息:文本||图片1:图像||图片2:图像||图片3:图像,20151110096,geam.png
电脑问题记录,7,,电脑 问题 记录,问题:文本||解答状态:单选[未解决|已解决|已忽略]||解答:文本||更多信息:文本||内容1:文本||图片1:图像||内容2:文本||图片2:图像||内容3:文本||图片3:图像||内容4:文本||图片4:图像||内容5:文本||图片5:图像||内容6:文本||图片6:图像,20151110099,jilu.png
笔记,7,,笔记 记录,主题:文本||笔记:文本||时间:日期时间,20151110100,jilu.png
工作日志,7,,商业 工作者,开始时间:日期||结束时间:日期||客户ID:文本||客户名:文本||详情:文本||描述:文本,20151110103,shangye.png
购物记录Ⅱ,7,物品购买记录,购物 记录,名称:文本||价格:实数||物品详情:文本||购买地点:文本||购买时间:日期||图片1:图像||内容2:文本||图片2:图像||内容3:文本,20151110106,gouwu.png
出货单2,7,,商业 货物 出货 实用,商品名称及规格:文本||单位:文本||数量:文本||单价:文本||金额:文本||合计:文本||业务经办人:文本||财务:文本||仓管:文本,20151110119,shangye.png
知识技巧库,7,记录各种经验知识技巧,资料 其它,类型:文本||标题:文本||内容:文本||图片1:图像||图片2:图像||图片3:图像||标签:文本||链接:文本||备注:文本,20151110130,sys.png
妖精乐园材料,7,,游戏 天谕 材料,数据类型:文本||等级:文本||物品名:文本||材料1:文本||获得途径:文本||数量1:文本||材料2:文本||数量2:文本||材料3:文本||数量3:文本||材料4:文本||数量4:文本||材料5:文本||数量5:文本||材料6:文本||数量6:文本||材料7:文本||数量7:文本,20151110131,geam.png
杂货清单,7,,清单 物品 日常,名称:文本||数量:文本||图片:图像||描述:文本,20151110138,wupin.png
物品保修过期提醒,7,保修期过期提醒,物品 保修 日常,物品名:文本||保修期限:文本||过期时间:日期时间,20151110152,shangye.png
报名表,7,,商业 学生 教学 学校,姓名:文本||年龄:文本||住址:文本||联系电话:文本||身份证号:文本||报名类别:文本,20151110154,shangye.png
报销单,7,,商业,日期:日期||说明:文本||住宿:文本||交通:文本||汽油:文本||膳食:文本||电话:文本||招待:文本||杂费:文本||合计:文本,20151110159,shangye.png
采购计划表,7,,商业,采购目录:文本||规格要求:文本||数量:整数||单价:实数||总价:实数||预算内:文本||预算外:文本||其它:文本||合计:文本||需求时间:日期||直接拨付:布尔,20151110160,shangye.png
借款明细表,7,,商业,借款银行:文本||借款金额:实数||借款日期:日期||还款日期:日期||借款期限:文本||借款利率:文本||借款性质:文本,20151110168,shangye.png
会员费用结算表,7,,商业,会员类型:单选[固定会员|临时会员]||姓名:文本||日期:日期||前次余额:文本||本次扣费:文本||本次充值:文本||余额:文本,20151110173,shangye.png
教学安排,7,,商业 教师 教学 学校,内容:文本||年级:文本||具体内容:文本||主讲人:文本||课时:文本,20151110185,shangye.png
现代化办公设备清单,7,,商业,序号:文本||设备名称:文本||数量:文本||设备型号及规格:文本||购置时间:日期||使用情况:文本||备注:文本,20151110187,shangye.png
景点火车票价表,7,,商业,方向:单选[往南|往北|往东|往西]||景 点:文本||到 站:文本||车次:文本||里程:文本||开时:文本||到时:文本||硬座:文本||中卧:文本||软卧 (上|下):文本||备注:文本,20151110191,shangye.png
离职教师情况统计表,7,,商业 教师 教学 学校,序号:文本||姓名:文本||年龄:文本||职称:文本||学历:文本||原岗位:文本||离职时间:日期||去向:文本,20151110194,shangye.png
学生成绩报告单,7,,商业 学生 大学生,序号:文本||学号:文本||姓 名:文本||平 时 成 绩:文本||:文本||:文本||平时总分:文本||期末成绩:文本||总评成绩:文本||备注:文本,20151110211,shangye.png
学校导师学生名单,7,,商业 学生 大学生,序号:文本||教研室:文本||导师:文本||联系电话:文本||职称:文本||研究方向:文本||学生名单:文本||班级:文本,20151110214,shangye.png
QQ技巧,7,,网络 技巧 聊天 QQ,标题:文本||技巧内容:文本,20151128014,jilu.png
小吃价格,7,,小吃 食物 食品 价格,小吃名:文本||价格:文本||地点:文本||店名:文本||记录时间:日期时间||味道:文本||标签:文本||好吃度:评级||备注:文本,20151128040,shipin.png
VR资料库,7,,网络 其它,类型:单选[VR软件|VR教程|VR产品|网址]||标题:文本||简述:文本||支持平台:文本||支持功能:文本||画质:文本||内容:文本||多选标签:文本||标签:文本||备注:文本||图片:文本||链接:文本||记录时间:日期||文件链接:文本||存储位置:文本||存储文件名:文本||电话:电话||邮件:文本||价格:文本||密码:文本,20151210001,jilu.png
新华字典,6,不懂的汉字都可以查找,字典 词典 实用 知识库,字:文本||笔画:文本||拼音:文本||部首:文本||解释:文本,20151010001,zhishiku.png
任务考勤,6,,实用工具,日期:日期||人员名单:多选[小李|王五|小二],20151010019,sys.png
吧务公告,6,记录贴吧吧务公告历史,吧务 公告 管理 贴吧,标题:文本||内容:文本||链接:超链接||时间:日期时间,20151010029,gm.png
吧务团队,6,吧务管理成员信息,吧务 管理 贴吧,类型:文本||贴吧名字:文本||头像:图像||职业任务:文本||任职状态:文本||违规记录:文本||表现情况:文本||申请时间:日期||辞职时间:日期||离任时间:日期||离任理由:文本,20151010030,gm.png
吧规,6,,吧务 管理 贴吧,主序号:实数||子序号:实数||标题:文本||内容:文本||链接:超链接||时间:日期时间,20151010031,gm.png
备忘清单,6,,实用,名称:文本||1:文本||2:文本||3:文本||4:文本||5:文本||6:文本||7:文本||8:文本||9:文本||10:文本||更多:文本||标签:文本||备注:文本,20151010036,sys.png
存物存放布局,6,物品存放位置的信息,实用 日常,物品或列表:文本||存物地点:文本||编号:文本||图片或图片组:图像||整理时间:日期时间,20151010054,rchang.png
工资结算记录,6,,商业 工资 金融,状态:文本||职业名:文本||应聘时间:日期||开始工作时间:日期||结束工作时间:日期||工资:货币,20151010063,jinrong.png
应聘信息备忘,6,记录应聘公司的联系方式，超有用,应聘 商业 备忘 职业,应聘职位:文本||联系人:联系||手机1:电话||手机2:电话||手机3:电话||公司地址:文本||描述:文本||状态:文本,20151010066,shangye.png
我的游戏数据库,6,,游戏 天谕,类型:文本||图像:图像||名称:文本||简介:文本||数据参数:文本||标签:文本,20151010096,geam.png
日程,6,,实用 记录 计划,一般||重要||加急||已完成||未完成||待缓,20151010114,clock.png
时间表,6,,实用,凌晨时间内容:文本||早晨时间内容:文本||上午时间内容:文本||中午时间内容:文本||下午时间内容:文本||傍晚时间内容:文本||晚上时间内容:文本||时间表名:文本,20151010116,clock.png
时间跟踪,6,,实用,开始:日期||停止:日期||描述:文本||类别:文本||已过时间:ft_calc||持续时间:ft_calc,20151010117,clock.png
物品清单,6,,物品 实用,单名:文本||物件:文本||清单:多选[西红柿|黄瓜|香蕉|更多请自行设置],20151010152,wupin.png
论坛稿件记录,6,,论坛 稿件 记录,审核人:文本||审核状态:文本||帖子品质:文本||稿件标题:文本||稿件内容:文本||帖子链接:超链接||帖子完成时间:日期||审核通过时间:日期||审核前所在板块:文本||审核后所在板块:文本||外发贴地址:文本||工资:文本,20151010222,jilu.png
课程表,6,,学生 课程 课程表 实用,类型:文本||时间段:文本||课程:文本||教课老师:文本||上课时间:日期||下课时间:日期||备注:文本,20151010224,xuesheng.png
购物清单,6,,购物 清单 实用,单名:文本||物件:文本,20151010225,gouwu.png
车辆维修,6,,车子 维修 日常,服务描述:文本||状态:计算||日期:日期||里程:序号||汽车零部件:文本||价格:货币||位置:文本||笔记:文本,20151010236,rchang.png
饮料进货表,6,,食品,饮料名:文本||毫升x瓶:文本||数量详情:文本||每件元:文本||批发价:实数||备注:文本,20151010248,shipin.png
问题库,6,,问题 实用,问题类型:单选[未解决|已解决]||问题标题:文本||问题内容:文本||问题图片:图像||备注:文本,20151010261,sys.png
账号密码,6,,密码 账号 实用,账号:文本||密码:文本||备注:文本||链接:超链接,20151010268,sys.png
PHP常用函数,6,,知识库 手册 PHP 函数 常用 实用 程序员,函数:文本||作用:文本,20151110005,zhishiku.png
java常用英语词汇,6,,知识库 手册 常用 英语 词汇 java 实用 程序员,词汇:文本||翻译:文本,20151110006,zhishiku.png
PS常用快捷键,6,,ps 常用 快捷键 手册 知识库 实用,作用:文本||快捷键:文本||类型:文本,20151110007,zhishiku.png
中国罗汉图大全,6,罗汉图相册,知识库 罗汉 图册,图片:图像,20151110008,xiangce.png
中国56个民族服饰,6,,知识库 民族 图册,图片:图像||民族:文本,20151110009,xiangce.png
中国连环画大全,6,,知识库 连环画 图册,图片:图像,20151110010,xiangce.png
爱鸟图册,6,,鸟 相册 动物,标题:文本||信息:文本||图片1:图像||图片2:图像||图片3:图像||图片4:图像||图片5:图像||图片6:图像,20151110020,xiangce.png
鸟类手绘图册,6,,鸟 动物 手绘 相册,标题:文本||信息:文本||图片1:图像||图片2:图像||图片3:图像||图片4:图像||图片5:图像||图片6:图像,20151110021,xiangce.png
问答,6,,问题 问答,问题:文本||问答:文本,20151110026,sys.png
常见宠物狗,6,自定义记录常见宠物狗资料,宠物 动物 常见,狗名:文本||资料:文本||图片1:图像||图片2:图像||图片3:图像||图片4:图像||图片5:图像||图片6:图像,20151110042,dog.png
发病记录,6,,健康 病症 患者,发病时间:日期||病症:文本||发病记录:文本,20151110071,sys.png
书籍阅读记录Ⅱ,6,,书籍 阅读 记录,书籍名:文本||阅读状态:单选[待阅读|未阅读|正在阅读|已阅读|已忽略]||总节或章数:文本||阅读情况:文本,20151110089,book.png
时间跟踪Ⅱ,6,,计划 商业,时间:日期||描述:文本||开始时间:日期||结束时间:日期||详情:文本||类型:单选[家务|送货|训练],20151110104,clock.png
便条记录,6,,便条 记录 实用 收据,便条类型:单选[借条|收条|欠条|领条|凭条]||完成状态:单选[未结|已结|已忽略]||借条标题:文本||借条内容简述:文本||金额:实数||收到或办理人:文本||证明人:文本||便条日期||日期时间,20151110114,jilu.png
收款凭证记录,6,,便条 记录 实用 收据凭证 收据,科目:文本||日期:日期||简述内容:文本||金额:文本||其它信息:文本,20151110115,jilu.png
图书借阅表,6,,书籍 图书 借阅,借阅人:文本||书号:文本||图书名称:文本||数量:文本||类别:文本||预计归还时间:日期||借阅单:文本||归还日期:日期||检查人签字,20151110116,book.png
成语词典,6,,词典 字典 实用,成语:文本||拼音:文本||注释:文本||资料:文本,20151110122,sys.png
物品借出清单,6,,物品  实用 清单,名称:文本||数量:文本||单位:文本||借用人:文本||借用日期:日期||归还日期:日期||备注:文本,20151110136,wupin.png
帐号信息,6,备忘一些账号信息资料,备忘 其它,名称:文本||内容:文本||标签:文本||备注:文本,20151110137,sys.png
住房租户费用,6,,住房 费用 管理 理财 日常,租户名:文本||计费开始时间:日期||计费结束时间:日期||费用:实数||是否已结:布尔,20151110141,shangye.png
手机信息,6,,手机,手机图:图像||手机品牌:图像||手机型号:文本||价格:文本||前摄影头像素:文本||后摄影头像素:文本||RAM运行内存MB:文本||存储空间:文本||是否支持存储卡:单选[支持|不支持]||屏幕分辨率:文本||运营商:文本||操作系统:单选[安卓|苹果|wp|其它]||系统版本:文本||备注:文本,20151110145,shangye.png
中药信息,6,,中药 草药 其它,图片:图像||中药名:文本||别名:文本||功效:文本,20151110146,shangye.png
安卓设置备忘,6,,手机 安卓 备忘,设置名:文本||作用:文本||设置位置:文本||设置方法:文本||标签:文本:漫画作品,20151110147,shangye.png
漫画进度,6,,漫画 进度 书籍,漫画名:文本||章节是否完成:布尔||章节标题:文本||章节故事概要:文本,20151110148,shangye.png
生物资料,6,,生物 其它,生物名:文本||生物资料:文本,20151110151,shangye.png
绕口令,6,,绕口令 其它,绕口令:文本,20151110153,shangye.png
宿舍值日表,6,,商业 学校,周一:文本||周二:文本||周三:文本||周四:文本||周五:文本||周六:文本||周日:文本,20151110155,shangye.png
财政预算决算收支,6,,商业,类型:单选[收入|支出]||项目:文本||预算数:实数||决算数:实数||决算数为预算数的%:实数,20151110157,shangye.png
公司报价单,6,,商业,名称:文本||数量:整数||单价:实数||说明:文本||应税:实数||金额:实数,20151110158,shangye.png
成果统计表,6,,商业,序号:整数||成果或论文名称:文本||作者:文本||职称:文本||发表刊物或鉴定形式:文本||级别:文本||发表时间:日期||备注:日期时间,20151110161,shangye.png
大学考试表,6,,商业 教学 学校,序号:整数||考号:整数||姓名:文本||年级:文本||层次:文本||专业:文本||分数:文本,20151110164,shangye.png
成绩报告表,6,,商业 教学 学校,学号:整数||姓名:文本||成绩:文本||备注:文本,20151110165,shangye.png
单位生产成本估算表,6,,商业,序号:整数||项目:文本||规格:文本||单位:文本||消耗定额:文本||单价:文本||金额:实数,20151110166,shangye.png
订阅杂志登记表,6,,商业,订阅单位:文本||收件详细地址:文本||邮政编码:文本||联系人:文本||建议电话:文本||订阅数量（份）:文本||每份全年定价（元）:文本||订阅金额合计（元）:文本,20151110167,shangye.png
风险管理列表,6,,商业,风险描述:文本||影响:文本||风险等级:文本||发生的可能性:文本||应对策略:文本||状态:文本||责任人:文本||备注:文本,20151110169,shangye.png
环境空气质量统计表,6,,商业,城市:文本||位置:文本||空气质量标准:文本||2015年:文本||2016年:文本||2017年:文本||2018年:文本||2019年:文本||2020年:文本,20151110170,shangye.png
自来水厂情况调查表,6,,商业,地区:文本||现水厂名:文本||规模（吨 日）:文本||水源:文本||拟建水厂:文本||规模（吨 日）:文本||水源:文本,20151110171,shangye.png
购车分期付款计算表,6,,商业,现款购车价格:实数||首付款:实数||贷款额:实数||年利率:文本||还款期限（月）:文本||利息总额:文本||月付款:文本||还款总额:文本,20151110172,shangye.png
货币投资情况明细表,6,,商业,序号:文本||投资方式:文本||资金来源:文本||投资金额:文本||投资起始日期:日期||投资年收益:文本||账务处理方式:文本||投入单位名称:文本,20151110174,shangye.png
学员信息纪录表,6,,商业,学员编号:文本||姓名:文本||身份证号:文本||家庭电话:文本||年龄:文本||邮编:文本||家庭地址:文本,20151110175,shangye.png
绩效指标表,6,,商业,文化程度:文本||家用电脑:文本||出勤率:文本||成绩:文本,20151110176,shangye.png
指标项目,6,,商业,编码:文本||指标值:文本||备注:文本,20151110177,shangye.png
假期值班安排表,6,,商业,日期:日期||星期:文本||值班人员:文本||学校电话:文本||家庭电话:文本||手机:文本,20151110180,shangye.png
假日晚会物品购买表,6,,商业,名称:文本||格式:文本||是否购买？:文本||预算:文本,20151110181,shangye.png
价格查找,6,,商业,序号 :文本||数量 :文本||物料编码:文本|| 价格:文本,20151110182,shangye.png
交通工具明细表,6,,商业,固定资产卡片编号:文本||交通工具名称:文本||具体型号:文本||牌照号码:文本||排气量:文本||帐面价值:文本||购置日期:日期||已行驶里程:文本||盘 盈:文本||盘 亏:文本||待报废:文本||用 途:文本||备 注:文本,20151110183,shangye.png
教学研究论文一览表,6,,商业,序号:文本||论文名称:文本||作者:文本||发表刊物:文本||发表时间:日期||成果应用情况:文本,20151110188,shangye.png
金融系统行业标准一览表,6,,商业,行业标准编号:文本||标准名称:文本||实施日期:日期,20151110189,shangye.png
客运站（班次时刻表）,6,,商业,序号:文本||线路:文本||头班车:文本||末班车:文本||分钟|班:文本||票价:文本||落客点:文本,20151110192,shangye.png
离退休人员名册,6,,商业,单位:文本||序号:文本||姓名:文本||性别:文本||民族:文本||参加工作时间:日期||职务:文本||离退休时间:日期||离退休类别:文本||备注:文本,20151110193,shangye.png
旅游报名详细清单,6,,商业,序号:文本||姓名:文本||报名:文本||家属:文本||小孩是否初中以下:文本||本人及家属总人数:文本||备注:文本,20151110196,shangye.png
旅游接待户通讯录,6,,商业,接待户注册名称:文本||负责人:文本||联系电话:文本||地址:文本||市级户批准时间:日期||市级挂牌号:文本,20151110197,shangye.png
内部财务会计报表一览表,6,,商业,报告类型:单选[日报|周报|月报||编报部门:文本||报表名称:文本||报送时间:日期||报告类型:文本||编报部门:文本||报表名称:文本||报送时间:日期,20151110198,shangye.png
内部调货单,6,,商业,商品名称及规格:文本||单位:文本||数量:文本||单价:文本||金额:文本,20151110199,shangye.png
职工培训计划表,6,,商业,主办单位:文本||承办单位:文本||培训班名称:文本||培训对象:文本||培训日期:日期||天数:文本||人数:文本||培训班要求:文本,20151110200,shangye.png
贫困户家庭情况一览表,6,,商业,户名:文本||家庭住址:文本||家庭人口:文本||2004年家庭人平收入（元）:文本||家庭收入来源:文本||贫困原因:文本||备注:文本,20151110201,shangye.png
人才培训课程表,6,,商业,课程类型:单选[公共类课程|管理类课程]||序号:文本||日期:日期||课程名称:文本||内容概要:文本||讲师简介:文本||价格:文本,20151110202,shangye.png
人才招聘会企业名单,6,,商业,序号:文本||企业名称:文本||招聘岗位:文本||人数:文本||性别:文本||学历:文本||年龄:文本||具体要求:文本,20151110203,shangye.png
申购单,6,,商业,申购物品名称:文本||单价（元）:文本||数量:文本||金额（元）:文本||备注:文本,20151110205,shangye.png
生产报表,6,,商业,产品名称:文本||规格型号:文本||计量单位:文本||产量:文本||直接材料:文本||直接人工:文本||制造费用:文本||总成本:文本||单位产品成本:文本||标准单位成本:文本||差异率:文本||原因:文本,20151110206,shangye.png
通讯录,6,,商业,姓名:文本||家庭电话:文本||单位电话:文本||手机:文本||呼机:文本||电子邮件:文本||地址:文本,20151110207,shangye.png
项目负责人名单,6,,商业,序号:文本||项目代码:文本||部门:文本||姓名:文本||职工编码:文本,20151110209,shangye.png
小区楼IP地址分配表,6,,商业,单元类型:单选[一单元|二单元|三单元]||门牌号:文本||IP地址:文本,20151110210,shangye.png
学生记分册,6,,商业 教学 学生,序号:文本||学号:文本||姓名:文本||总评:文本,20151110212,shangye.png
学校考试安排,6,,商业 教学 学校,日期:日期||时间:日期||科目:文本||专业:文本||考号:文本||考场:文本,20151110213,shangye.png
值班表,6,,商业,日期:日期||值班人员:文本||联系电话:文本||手机:文本||备注:文本,20151110215,shangye.png
QQ信息备忘B,0,一些信息可以备忘下来，方便查看,备忘 QQ 聊天,记录日期:日期||内容:文本||标签:文本||备注:文本||联系人:联系||图像:图像||金额:货币||评分:评级||链接:超链接||坐标:谷歌地图坐标||条码:条码||密码:密码||手机号:电话||电子邮件:邮箱,20151010000,chat.png
QQ好友主要聊天记录,0,,好友 聊天 记录 QQ 聊天,好友名:文本||记录标题:文本||主要聊天记录内容:文本||时间:日期,20151010002,jilu.png
QQ等级头衔收藏,0,,QQ 聊天,群兴趣:文本||等级头衔:文本||标签:文本||备注:文本,20151010005,chat.png
亲人生日,0,记录亲人的生日信息,生日 记录,亲人名称:文本||生日:日期||备注信息:文本,20151010017,jilu.png
人生履历表,0,,记录,履历:文本||时间:日期时间,20151010018,jilu.png
体育用品,0,,体育 日常,体育用品名:文本||价格:货币||详细信息:文本,20151010021,rchang.png
分类信息,0,,其它,图片:图像||标题:文本||内容:文本||标签:文本||链接:超链接||备注:文本,20151010026,sys.png
加群记录,0,加QQ群的记录,聊天 QQ群 记录 好友,群名:文本||昵称:文本||QQ号:文本||标签:文本||备注:文本||加群时间:日期时间,20151010027,chat.png
喜欢的角色,0,自定义记录电影角色资料,影视 角色 演员,影视名:文本||角色名:文本||图片:图像||简介:文本||导演:文本||演员:文本||演员图片:图像||备注:文本,20151010032,movie.png
喜爱的演员库,0,自定义记录影视的演员资料,影视 角色 演员,图片:图像||演员名:文本||简介:文本||电影作品:文本||参演的电视:文本||获奖记录:文本,20151010033,movie.png
地址薄,0,,实用,昵称:文本||姓名:文本||地址:文本||标签:文本||备注:文本,20151010034,sys.png
天谕任务笔记,0,,游戏 天谕,任务名:文本||详情:文本||NPC:文本||参与时间:日期时间:完成状态:单选[未完成|已完成]||标签:文本||备注:文本,20151010037,geam.png
天谕截图,0,,游戏 天谕,标题:文本||描述:文本||标签:文本||备注:文本||截图:图像,20151010040,geam.png
天谕文章,0,自定义通用文章内容记录,游戏 天谕,主标题:文本||来源:文本||前文内容:文本||内容0:文本||图集1:图像||内容1:文本||图集2:图像||内容2:文本||图集3:图像||内容3:文本||图集4:图像||内容4:文本||图集5:图像||内容5:文本||图集6:图像||内容6:文本||图集7:图像||内容7:文本||图集8:图像||内容8:文本||图集9:图像||内容9:文本||图集10:图像||内容10:文本||图集11:图像||内容11:文本||图集12:图像||内容12:文本||标签:文本||备注:文本,20151010042,geam.png
天谕激活码,0,,游戏 天谕,是否失效:单选[已失效|未失效]||激活码:文本||激活码数量:序号||获得日期:日期||备注信息:文本,20151010045,geam.png
天谕采集库,0,,游戏 天谕,图片:图像||类型:文本||地图:文本||名称:文本||坐标:文本,20151010047,geam.png
头像收藏库,0,,头像 相册,标签:文本||头像:图像,20151010048,xiangce.png
好友动态趣闻收藏,0,,聊天,图:图像||信息内容:文本||标签:文本,20151010049,chat.png
好友添加记录,0,QQ好友添加好友时间的记录,聊天 记录 好友,添加方式:文本||昵称:文本||QQ号:文本||标签:文本||备注:文本||加友时间:日期||手机:电话||来源信息:文本,20151010051,chat.png
好友角色,0,,好友,好友游戏名:文本||职业:文本||等级:序号||备注:文本||角色图片:图像,20151010052,sys.png
好友趣闻,0,,好友 聊天,默认:文本||内容:文本||图片:图像,20151010053,chat.png
天谕工种,0,,游戏 天谕,技能:文本||工种:文本||主属性:文本||副属性:文本||工种说明:文本,20151010062,geam.png
幻魂符库,0,,游戏 天谕,默认:文本||符咒图片:图像||幻魂效果:图像,20151010065,geam.png
建议库,0,,反馈 建议 其它,QQ||微云||腾讯产品交流||腾讯体验中心||QQ会员官方论坛,20151010067,sys.png
影吧帖子库,0,,贴吧 贴子 影视 电影,标题:文本||图片:图像||链接:超链接||标签:文本||备注:文本||内容属性:文本||贴吧:文本||类型:文本||子型:文本||次型:文本,20151010069,movie.png
影吧陶电影,0,,贴吧 贴子 影视 电影,影名:文本||是否已看:文本||电影信息:文本||封面:图像||截图:图像||收藏时间:日期||观看时间:日期时间,20151010070,movie.png
影视数据库,0,电影、电视、动漫的剧中的各种资料记录,影视,类型:文本||影视名:文本||分类:文本||季||部:文本||集数:序号||剧情简介:文本||名称:文本||标签:文本||简介:文本||备注:文本||图1:图像||图2:图像||图3:图像||图4:图像||图5:图像||图6:图像,20151010071,movie.png
影视数据通用收集,0,,影视,电影||电视剧||动漫||其它||分集剧情||邪恶生物||角色||其它||剧照||经典台词||物品||空间||其它||第一季||第二季||第三季||第四季||第五季||第六季||第七季||第八季||第九季||第十季,20151010072,movie.png
影视通用收藏库,0,,影视,分集剧情||邪恶生物||角色||其它||剧照||经典台词||物品||空间||其它||第一季||第二季||第三季||第四季||第五季||第六季||第七季||第八季||第九季||第十季,20151010075,movie.png
影贴推荐,0,,影视,图片:图像||链接:超链接||贴吧:文本||类型:文本||子型:文本||次型:文本||标签:文本||标题:文本||备注:文本||内容属性:文本,20151010077,movie.png
影贴收藏库,0,,影视,图片:图像||链接:超链接||贴吧:文本||类型:文本||子型:文本||次型:文本||标签:文本||标题:文本||备注:文本||内容属性:文本,20151010078,movie.png
心情记录,0,,记录,天气:文本||心情好坏:文本||心情:文本||日期:日期时间,20151010082,jilu.png
必看电影,0,,电影 影视,影视名:文本||必看指数:评级||剧情描述:文本||图片:图像,20151010083,movie.png
必看电影大全,0,,电影 影视,图片:图像||类型:文本||影视名:文本||豆瓣评分:实数||短介:文本||简介:文本,20151010084,movie.png
恐怖电影大全,0,,影视 电影,图片:图像||电影名:文本||简介:文本||画面:评级||情节:评级||血性程度:评级||恐怖程度:评级||推荐程度:评级,20151010088,movie.png
我的影评,0,,影评 影视 电影,影视名:文本||评分:实数||影评:文本||图片:图像,20151010093,movie.png
我的技能库,0,记录游戏技能资料,游戏 天谕,门派技能:文本||技能类型:文本||技能名:文本||技能点数:序号||升级笔记:文本||技能笔记:文本,20151010094,geam.png
我的物品库,0,,游戏 天谕,物品图片:图像||物品获得类型:文本||物品名:文本||物品介绍:文本||物品参数:文本||地图:文本||怪物:文本||备注信息:文本,20151010098,geam.png
我的电影评级,0,,影视 电影 评级,电影名:文本||评级:评级||备注:文本,20151010099,movie.png
拍照照片标记库,0,,照片 其它,标记:文本||图1:图像||图2:图像||图3:图像||图4:图像||图5:图像||图6:图像,20151010101,xiangce.png
收藏库（演示）,0,,收藏,图标:图像||名称:文本||功能介绍:文本||支持设备:文本||文件类型:文本||类别:文本||平台:文本||大小:实数||控制操作:文本||操作系统:文本||适配机型:文本||游戏引擎:文本||来源软件:文本||外接设备:文本||操作难度:文本||画面质量:文本||眩晕指数:实数||是否免费:计算||页面:超链接||更多信息:文本||存储文件名:文本||存储位置:文本||记录时间:日期||应用图片:图像||,20151010104,cang.png
收藏的CD,0,自定义记录喜欢的CD信息,收藏 CD,艺术家:文本||专辑:文本||发布年:序号||流派:文本||评级:评级||条件:文本||购买日期:日期||CD封面:图像||条码:条码||轨道:文本||笔记:文本||联系:联系,20151010105,cdvd.png
教育经历,0,,教育 经历 其它,资质类型:文本||学校名:文本||地址:文本||班级:文本||入学时间:日期||退学时间:日期||毕业时间:日期||班级同学名单:文本||班级老师:文本||备注:文本||课程:文本,20151010107,sys.png
数码设备参数库,0,日常中，经常会见到，某个数码让你设置某个设置，可以记录下来设置过程、参数,数码,数码设备名:文本||参数:文本,20151010108,shuma.png
新好友,0,,好友 聊天,添加方式:文本||来源信息:文本||昵称:文本||QQ号:文本||标签:文本||手机:电话||备注:文本||加友时间:日期时间,20151010110,chat.png
新闻摘录,0,,新闻 资讯,分类:文本||标题:文本||内容:文本||图片:图像||标签:文本||备注:文本,20151010111,sys.png
方便面奖码,0,,食品 日常,数据类型:文本||使用状态:文本||方便面名:文本||活动信息:文本||活动开始日期:日期||活动结束日期:日期||奖码:文本||活动地址:超链接||标签:文本||备注:文本,20151010112,shipin.png
旅游景点笔记,0,,旅游 风景 日常,景点名:文本||图片:图像||景点信息:文本||备注:文本,20151010113,rchang.png
条码样本库,0,,样本 案例 其它,说明:文本||条码:条码||标题:文本||图像:图像||艺术家:文本||作者:文本||演员:文本||品牌:文本||类型:文本||导演:文本||版本:文本||格式:文本||种类:文本||标签:文本||制造商:文本||轨道:文本||出版商:文本||出版日期:日期,20151010120,sys.png
案例 值的自动选择,0,,样本 案例 其它,文本1:文本||文本2:文本,20151010121,sys.png
案例 文本控制显示,0,,样本 案例 其它,文本1:文本||文本2:文本,20151010122,sys.png
涂鸦猜电影,0,,电影 影视 涂鸦 猜电影,默认:文本||涂鸦:涂鸦||涂鸦图:图像||电影名:文本,20151010123,movie.png
淘电影,0,,电影 影视,电影名:文本||图片:图像||简介:文本||是否已看:计算,20151010124,movie.png
游戏任务Ⅱ,0,,游戏,任务名:文本||NPC:文本||地图:文本||任务信息:文本||获得物品:文本||备注:文本||获得经验:文本,20151010128,geam.png
游戏任务库Ⅱ,0,,游戏,名称:文本||推荐等级:文本||需求等级:文本||种族:文本||地区:文本||说明:文本,20151010130,geam.png
游戏任务笔记,0,,游戏,任务名:文本||详情:文本||NPC:文本||参与时间:日期||完成状态:文本||标签:文本||备注:文本,20151010131,geam.png
游戏备忘录,0,,游戏,分类:文本||标题:文本||内容:文本||标签:文本||备注:文本||记录时间:日期时间,20151010133,geam.png
游戏物品库,0,,游戏,物品头像:图像||物品类型:文本||名称:文本||等级:文本||攻击:文本||魔法:文本||数量:文本||标签:文本||说明:文本,20151010139,geam.png
游戏补偿,0,,游戏,维护类型:文本||维护时间:日期||结束时间:日期||补偿详情:文本||领取NPC:文本,20151010141,geam.png
照片标记库,0,,照片,标记:文本||图1:图像||图2:图像||图3:图像||图4:图像||图5:图像||图6:图像,20151010145,xiangce.png
燃料的日志,0,,日志,车辆:文本||里程表:实数||位置:文本||日期:日期||每升填充:实数||成本:货币||总里程:实数||每升:文本||英里每加仑:文本||每英里的成本:文本,20151010146,sys.png
物品市场,0,,物品,物品图片:图像||物品商铺:文本||出售类型:文本||出售状态:文本||物品名:文本||数量:文本||价格:文本||行情历史:文本||卖方名:文本||更新时间:日期时间,20151010149,wupin.png
物品报修,0,,物品,报修状态:文本||物品名:文本||损坏情况:文本||报修地点:文本||报修时间:日期时间,20151010150,wupin.png
物品行情,0,,物品,名称:文本||行情价格:文本||日期:日期,20151010153,wupin.png
生活技能库,0,,游戏 天谕,技能种类:文本||技能类型:文本||生产技能种类:文本||收集:文本||种植:文本||饲养:文本||制造技能种类:文本||合成:文本||工匠:文本||锻造:文本||裁缝:文本||烹饪:文本||印刷:文本||技能图标:图像||技能名:文本||所获物品:文本||所需要求:文本||笔录:文本,20151010154,geam.png
电影,0,电影资料库,电影 影视,标题:文本||主演:文本||类型:文本||年代:ft_int_list||格式:文本||演员:文本||评级:评级||描述:文本||国家:文本||购买时间:日期||盖:图像||IMDb链接:超链接||条码:条码||联系:联系,20151010155,movie.png
贴吧电影贴,0,,电影 影视 贴吧 帖子,用户名:文本||标题:文本||链接:超链接||截图:图像,20151010158,movie.png
电影图库,0,,电影 影视 图库 相册,标题:文本||图片:图像,20151010159,xiangce.png
电影图解库,0,,电影 影视 图解,影名:文本||集数信息:文本||图解:图像,20151010160,movie.png
电影库Ⅱ,0,,电影 影视,封面:图像||截图:图像||分类:文本||完整度:文本||是否有海报:计算||影视名:文本||影视品质:文本||观看状态:文本||标签:文本||年代:文本||地区:文本||导演:文本||演员:文本||文件:ft_file||ID:文本||豆瓣ID:文本||备注:文本||又名:文本||简介:文本||评分:文本||观看时间:日期||观看结束时间:日期||观后描述:文本||个人评分:实数||推荐指数:评级||恐怖级别:评级||脑力级别:评级||,20151010161,movie.png
电影彩绘收藏,0,自定义收藏电影方面的彩绘图片,电影 影视 彩绘 手绘,猜解状态:文本||彩绘品质:文本||来源作者:文本||影视名:文本||彩绘:图像,20151010163,movie.png
电影截图,0,,电影 影视 截图,类型:文本||影视名:文本||标签:文本||备注:文本||截图:图像,20151010164,movie.png
电影推荐,0,,电影 影视,封面:图像||影视名:文本||英文名:文本||类型:文本||国家:文本||导演:文本||主演:文本||剧情简介:文本,20151010165,movie.png
电影描述,0,,电影 影视,影视名:文本||剧情描述:文本||图片:图像,20151010166,movie.png
电影收藏,0,,电影 影视 收藏,封面图片:图像||影视名:文本||是否已看:计算||详细信息:文本||图片:图像||备注:文本,20151010167,movie.png
电影清单资源,0,,电影 影视 清单 资源,过期状态:文本||影视名:文本||网盘链接:超链接||标签:文本||备注:文本,20151010169,movie.png
电影演员库,0,,电影 影视 演员,图片:图像||演员名:文本||简介:文本||电影作品:文本||参演的电视:文本||获奖记录:文本||更多信息:文本,20151010170,movie.png
电影物品,0,,电影 影视 物品,图像1:图像||图像2:图像||图像3:图像||电影类型:文本||电影名:文本||电影标签:文本||短介:文本||语言:文本||物品类型:文本||物品来源:文本||物品名:文本||防卫属性:文本||物品标签:文本||简介:文本||用途:文本||备注:文本||,20151010171,movie.png
电影物品收藏库,0,,电影 影视 物品 收藏,图像1:图像||图像2:图像||图像3:图像||电影类型:文本||电影名:文本||电影标签:文本||短介:文本||语言:文本||物品类型:文本||物品来源:文本||物品名:文本||防卫属性:文本||物品标签:文本||简介:文本||用途:文本||备注:文本||,20151010172,movie.png
电影盘点排行,0,,电影 影视,排行:序号||影视名:文本||描述:文本||图片:图像,20151010174,movie.png
电影盘点评级,0,,电影 影视,封面:图像||电影名:文本||推荐指数:评级||评分:实数||简介:文本||更多信息:文本,20151010175,movie.png
电影盘点（双页）,0,,电影 影视,封面:图像||截图||涂鸦||手绘||绘画:图像||电影名:文本||简介:文本||导演:文本||主演:文本||人数:文本||上映时间:日期||国家地区:文本||其它信息:文本||资源链接:超链接,20151010176,movie.png
电影简易图解,0,,电影 影视,影视名:文本||顺序:序号||描述:文本||图片:图像,20151010178,movie.png
电影评级Ⅱ,0,,电影 影视,影视名:文本||影视详细信息:文本||图片:图像||推荐指数:评级||恐怖程度:评级||情节:评级||画面:评级||血腥程度:评级||经典性:评级||创意及思考:评级||构思:评级||景色:评级||拍摄细节:评级||真实性:评级||恐怖气氛营造:评级||艺术效果:评级||演技:评级||绝望程度:评级||娱乐程度:评级||剧情紧凑程度:评级||奇幻场景:评级,20151010179,movie.png
电影豆列B,0,,电影 影视 豆列 电影豆列,精品推荐:文本||是否完整链接:文本||豆列类型:文本||类型:文本||子型:文本||1级筛选:文本||2级筛选:文本||精选:文本||错误纠正状态:文本||补充状态:文本||发帖状态:文本||标签 DYBZ .:文本||标题:文本||说明:文本||电影名录:文本||备注:文本||图片:图像||链接:超链接||记录时间:日期||整理:文本||专辑:文本||链接（电影）:超链接||链接（电视剧）:超链接||链接（动漫）:超链接||示例电影:文本||收藏类型:文本||贴吧:文本,20151010181,movie.png
电脑报错记录,0,,电脑 问题 记录,错误简述标题:文本||详细信息:文本||报错截图:图像||报错时间:日期时间,20151010183,jilu.png
电脑维修记录,0,,电脑 维修,问题:文本||问题详细:文本||维修报修时间:日期||维修时间:日期时间,20151010185,pc.png
疯神榜,0,,电影 影视,封面:图像||电影名:文本||疯神级别:评级||评分:实数||备注:文本,20151010187,movie.png
短信收藏,0,收藏下来比较有用的短信,收藏 短信,信息标题:文本||信息内容:文本||收藏时间:日期||接受时间:日期时间,20151010190,cang.png
短信营业厅,0,,短信 营业厅,短信指令:文本||短信功能:文本||功能资费:货币,20151010191,sys.png
天谕 神格搭配,0,,游戏 天谕,搭配方案:文本||搭配说明:文本||狂暴||:文本||勇武||:文本||睿智 ||:文本||碧血||:文本||众生||:文本||神行||:文本||不动||:文本||秘法∥:文本||怪力||:文本||碎魄||:文本||灭灵||:文本||初心:文本||辟地:文本||坚忍||:文本||虔诚||:文本,20151010192,geam.png
简易QQ备忘,0,,备忘 其它,记录日期:日期||内容:文本||标签:文本||备注:文本,20151010195,sys.png
精华影贴,0,,电影 影视 贴吧 帖子,图片:图像||标题:文本||链接:超链接||标签:文本||备注:文本||内容属性:文本||贴吧:文本||类型:文本||子型:文本||次型:文本,20151010196,movie.png
网盘资源索引,0,,网盘 资源 其它,网盘:文本||资源内容:文本||链接:超链接||更多链接:文本||存放目录:文本||大小:实数||标签:文本||备注:文本,20151010198,sys.png
美味库,0,天谕游戏美食资料,天谕 游戏 美食,美味名:文本||图片:图像||介绍:文本||增加力量（点）:序号||需要条件:文本||消耗云垂积分（分）:序号||增加体质（点）:序号||持续时间（分钟）:序号||增加精神（点）:序号||增加智力（点）:序号,20151010199,geam.png
群员备注录,0,,群友 好友 聊天,职务:文本||昵称:文本||qq号:文本||备忘:文本,20151010203,chat.png
群员头衔,0,,群友 好友 聊天,群员昵称:文本||职务:文本||专属头衔:文本||头衔信息:文本||备注:文本,20151010204,chat.png
群员职务,0,,群友 好友 聊天,群员类型:文本||昵称:文本||qq号:文本||头衔:文本||职务:文本,20151010205,chat.png
自定义排行榜,0,,其它,名称:文本||1:文本||2:文本||3:文本||4:文本||5:文本||6:文本||7:文本||8:文本||9:文本||10:文本||更多:文本||标签:文本||备注:文本,20151010206,sys.png
药物服用,0,,疾病 健康 药品 价格 金融,项目名:文本||药品名:文本||服用要求:文本||用量状态:文本||备注:文本,20151010209,controls.png
行情库,0,,游戏 营销 金融,物品图片:图像||物品商铺:文本||物品名:文本||出售状态:文本||价格:文本||行情历史:文本||卖方名:文本||更新时间:日期时间,20151010211,jinrong.png
表情收藏库,0,,聊天 表情,图册名:文本||标签:文本||备注:文本||图集:图像,20151010212,chat.png
观影推荐,0,,影视 电影,图片:图像||影视名:文本||更多信息:文本,20151010215,movie.png
记已看的软件,0,,软件 记录,软件名:文本||简介:文本||日期:日期时间,20151010220,jilu.png
语音注释,0,,语音 注释 注解,标题:文本||记录:音频||请注意:文本||位置:谷歌地图坐标,20151010223,sys.png
贴吧吧规,0,,贴吧 影视 电影 帖子 规定,主序号:实数||子序号:实数||标题:文本||内容:文本||链接:超链接||时间:日期时间,20151010227,movie.png
资源地址,0,,资源 链接 实用 网络,分类:文本||资源名:文本||描述:文本||直链:超链接||网盘地址:超链接||迅雷地址:超链接||更多信息:文本,20151010230,sys.png
资讯摘录,0,,资讯 新闻 摘录 记录,分类:文本||标题:文本||内容:文本||图片:图像||标签:文本||备注:文本,20151010231,jilu.png
超定义影库F,0,,影视 电影,海报:图像||截图:图像||手绘:图像||豆瓣详细:文本||简介:文本||ID:序号||冷门:文本||必看:文本||影视分类:文本||分类:文本||数据完整度:文本||豆瓣ID:文本||影视名:文本||又名:文本||$标签:文本||是否有海报:计算||$地区:文本||$导演:文本||$演员:文本||年代:文本||评分:文本||文件:ft_file||备注:文本||推荐指数:评级||脑力级别:评级||观赏指数:评级||恐怖级别:评级||血腥程度:评级||绝望程度:评级||奇幻指数:评级||画面:评级||血腥:评级||情节:评级||构思:评级||景色:评级||演技:评级||真实性:评级||经典性:评级||拍摄情节:评级||创意及思考:评级||恐怖气氛营造:评级||艺术效果:评级||娱乐程度:评级||剧情紧凑程度:评级||观看状态:文本||影视品质:文本||观看时间:日期||观看结束时间:日期||个人评分:实数||个人描述:文本||链接过期状态:文本||资源链接:超链接||更多链接:文本||是否有资源:文本||资源位置:文本||,20151010232,movie.png
路程用时,0,你可以记录各种路途用了多长时间到达,旅游 出行 实用,乘坐车辆:文本||出发时间:日期||共用时间:ft_calc||备注:文本,20151010234,sys.png
车牌,0,,车子 日常,车牌号:文本||车主姓名:文本||违章记录:文本||仅剩分数:序号||更多信息:文本||记录时间:日期时间,20151010235,rchang.png
酒,0,,日常,标题:文本||生产商:文本||酒类型:文本||评级:评级||笔记:文本||金额:货币||位置:谷歌地图坐标||照片:图像||条码:条码,20151010239,rchang.png
链接管理,0,网址链接管理,链接 收藏 资源,分类:文本||失效状态:文本||标题:文本||描述:文本||链接:超链接||更多:文本,20151010242,cang.png
风俗备忘,0,,风俗 备忘,标题:文本||内容:文本||标签:文本,20151010245,sys.png
风景库,0,,风景 相册,地点:文本||简介:文本||备注:文本||图集:图像,20151010246,xiangce.png
饮食做法,0,,食品 美食,饮食名:文本||做法:文本||需要物品:文本||备注:文本,20151010249,shipin.png
公会成员,0,,人员管理 游戏 名单,类型:单选[公会信息|成员]||成员名:文本||职务:单选[会长|副会长|成员||等级:序号||门派:文本||贡献:序号||战队||信息备注:文本||内容:文本,20151010250,geam.png
公会点名册,0,,人员管理 游戏 名单,点名时间:日期||点名标题:文本||名单:多选[小李|张三|请自行添加更改]||备注:文本,20151010251,geam.png
商品库,0,,商品 商业,商店名:文本||商品名:文本||商品图片:图像||职业:文本||云币:序号||云卷:序号||声望:文本||要求:文本||标签:文本||备注:文本||NPC:文本||所在地点:文本||地图:文本,20151010253,shangye.png
声望商店,0,,游戏 天谕,商品名:文本||商品图片:图像||声望要求:文本||云币单位:文本||云币:序号||云卷单位:文本||云卷:序号,20151010254,geam.png
电脑资料库,0,,电脑,标题:文本||内容:文本||标签:文本||链接:超链接||备注:文本,20151010257,pc.png
裕语言手册,0,,手册 知识库,标题:文本||语法:文本||链接:超链接,20151010266,zhishiku.png
猜电影存档,0,,电影 影视,图片:图像||影视名:文本||是否有名:单选[无名|有名],20151010271,movie.png
喜欢的电影,0,,电影 影视,图片:图像||影视名:文本||影视简介:文本,20151010274,movie.png
在线电影观看,0,,在线视频 电影 影视 观看,影视名:文本||观看地址:超链接,20151010275,movie.png
新闻纪录,0,,新闻 记录,标题:图片:图像||文本||新闻内容:文本||链接:超链接||时间:日期时间,20151010276,jilu.png
我的软件,0,,软件 其它,图片:图像||软件名:文本||链接:超链接||描述:文本,20151010280,sys.png
小樱库洛牌,0,库洛牌资料大全,漫画 儿童 纸牌 收藏,图片1:图像||图片2:图像||牌名:文本||英文名:文本||象征:文本||简介:文本||出处:文本||转生:文本||收服者:文本||收服方式:文本||备注:文本||卡片占卜:文本||牌传达的信息:文本||注意这些事情:文本||代表的扑克牌:文本,20151110013,cang.png
电影截图记录,0,,电影 影视 截图 记录,影视名:文本||记录信息:文本||记录时间:日期||截图1:图像||截图2:图像||截图3:图像||截图4:图像||截图5:图像||截图6:图像,20151110015,jilu.png
药品记录,0,,健康 药品 记录,药品名:文本||疗效:文本||病症:文本||服用:文本:禁忌||更多信息:文本,20151110016,controls.png
鸟类治疗方法,0,,鸟 治疗 动物 方法,病症类型:单选[伤残|病症]||鸟名:文本||饲养信息:文本||病症图片1:图像||病症图片2:图像||病症图片3:图像||治疗方法:文本||所需药物:文本,20151110018,niao.png
辨别鸟类记录,0,,鸟 记录 动物,图片1:图像||图片2:图像||图片3:图像||辨别状态:单选[未知|已知]||名字:文本||鸟类信息:文本,20151110019,jilu.png
语录,0,,其它 记录,语录:文本,20151110024,jilu.png
小故事,0,,故事,故事标题:文本||故事内容:文本,20151110025,sys.png
水果大全,0,,植物,水果名:文本||水果资料:文本||图片1:图像||图片2:图像||图片3:图像,20151110029,zhiwu.png
植物术语,0,,植物,术语:文本||解释:文本,20151110030,zhiwu.png
植物辨别记录,0,,植物,辨别状态:单选[未解|已解|忽略]||植物名:文本||植物资料:文本||图片1:图像||图片2:图像||图片3:图像,20151110031,zhiwu.png
食物营养价值,0,,食品,食物名:文本||食物资料:文本||营养价值:文本,20151110032,shipin.png
自驾游计划,0,,出行 旅游 日常,计划名:文本||计划时间:日期||计划内容:文本||计划状态:单选[未进行|进行中|已完成|已忽略]||备注:文本,20151110033,rchang.png
旅游计划,0,,旅游 日常,计划名:文本||计划时间:日期||计划内容:文本||计划状态:单选[未进行|进行中|已完成|已忽略]||备注:文本,20151110034,rchang.png
风景名胜,0,,旅游 日常,旅游状态:单选[未旅游|已旅游|计划中|已忽略|进行中]||风景名胜名称:文本||风景名胜资料:文本||图片1:图像||图片2:图像||图片3:图像,20151110035,rchang.png
佛教相册,0,,佛教 相册,标题:文本||资料:文本||图片1:图像||图片2:图像||图片3:图像||图片4:图像||图片5:图像||图片6:图像,20151110043,xiangce.png
神话人物相册,0,,相册,名称:文本||资料:文本||图片1:图像||图片2:图像||图片3:图像||图片4:图像||图片5:图像||图片6:图像,20151110045,xiangce.png
国家保护动物,0,记录一些国家保护动物的资料,动物,保护级别:单选[一级|二级|三级]||动物名:文本||动物资料:文本||备注:文本||图片1:图像||图片2:图像||图片3:图像,20151110053,dongwu.png
记录看过的动物,0,,动物 记录,是否看过:单选[待看|未看|已看]||动物名:文本||动物资料:文本||图片1:图像||图片2:图像||图片3:图像,20151110054,jilu.png
地震记录,0,地震发生日期记录,记录 地震,日期:日期||发生地:文本||震级:文本||灾害情况:文本||备注:文本,20151110055,jilu.png
报纸摘录,0,,新闻 资讯 报纸 摘录 记录 实用,标题:文本||内容:文本||图片1:图像||图片2:图像||图片3:图像||图片4:图像||图片5:图像||图片6:图像,20151110063,jilu.png
刷机记录,0,,刷机 记录 手机,刷机机型:文本||刷机时间:日期||刷机新版本:文本||刷机记录:文本||链接:超链接||备注:文本,20151110072,shouji.png
手机维修记录,0,,手机 维修,手机名:文本||维修时间:日期||维修金额:文本||维修信息:文本,20151110074,shouji.png
工程记录,0,,工程师 记录,工程状态:单选[未完成|待完成|已完成|已忽略]||工程名:文本||工程详情:文本||备注:文本,20151110075,jilu.png
手机流量,0,记录手机流量业务资料,手机 流量 记录,名称:文本||流量:文本||流量详情:文本,20151110079,shouji.png
我的网站,0,,网站,网站名:文本||网站地址:文本||备注:文本,20151110080,sys.png
看病记录,0,,健康 病症 记录,看病时间:日期||病症:文本||治疗详情:文本||备注:文本,20151110081,jilu.png
足球节目观看计划,0,,体育 足球 计划,赛事名称:文本||观看状态:单选[待观看|未观看|已观看|已忽略]||赛事详情:文本||赛事时间:日期||播出电视台:文本||备注:文本,20151110082,clock.png
篮球节目观看计划,0,,体育 篮球 计划,赛事名称:文本||观看状态:单选[待观看|未观看|已观看|已忽略]||赛事详情:文本||赛事时间:日期||播出电视台:文本||备注:文本,20151110083,clock.png
体育节目观看计划,0,,体育 计划,赛事名称:文本||观看状态:单选[待观看|未观看|已观看|已忽略]||赛事详情:文本||赛事时间:日期||播出电视台:文本||备注:文本,20151110084,clock.png
报纸摘要记录,0,,报纸 新闻 其它 资讯,名称:文本||内容1:文本||图片1:图像||内容2:文本||图片2:图像||内容3:文本||图片3:图像||内容4:文本||图片4:图像||内容5:文本||图片5:图像||内容6:文本||图片6:图像||内容7:文本||图片7:图像||内容8:文本||图片8:图像||内容9:文本||图片9:图像||内容10:文本||图片10:图像||内容11:文本||图片11:图像||内容12:文本||图片12:图像||内容13:文本||图片13:图像||内容14:文本||图片14:图像||内容15:文本||图片15:图像||内容16:文本||图片16:图像||内容17:文本||图片17:图像||内容18:文本||图片18:图像||内容19:文本||图片19:图像||内容20:文本||图片20:图像||内容21:文本,20151110092,sys.png
游戏物品记录,0,,游戏,物品名:文本||物品信息:文本||地图:文本||怪物:文本||图片1:图像||内容2:文本||图片2:图像||内容3:文本,20151110094,geam.png
游戏记事本,0,,游戏 记事本 记录,游戏名:文本||记事标题:文本||记事内容:文本||标签:文本||备注:文本||内容1:文本||图片1:图像||内容2:文本||图片2:图像||内容3:文本||图片3:图像||内容4:文本||图片4:图像||内容5:文本||图片5:图像||内容6:文本||图片6:图像,20151110097,jilu.png
议程,0,,议程 商业,标题:文本||描述:文本||开始时间:日期||结束时间:日期||地点:文本||联系人:联系||完成:布尔,20151110101,shangye.png
蔬菜价格走势,0,,蔬菜 价格,销售状态:单选[销售中|暂停销售|已忽略|停止销售]||蔬菜名:文本||蔬菜价格:文本||蔬菜价格走势历史记录:文本||备注:文本||蔬菜图片:图像||记录日期:日期时间,20151110109,sys.png
蔬菜收入管理,0,,蔬菜,蔬菜名:文本||销售量:文本||已销售量:文本||剩余量:文本||备注:文本,20151110110,sys.png
PS师经验日志,0,,日志,任务截图:文本||任务名:文本||任务详情:文本||经验记录:文本||记录时间:日期时间,20151110111,sys.png
策划方案,0,一些策划方案的记录,策划 方案,策划状态:单选[待策划|正在策划|策划完成|已忽略]||是否通过:布尔||策划完成日期:日期||策划标题:文本||策划内容:文本||备注:文本,20151110112,sys.png
人民币大全,0,,收藏 相册,封面:文本||金额:文本||套:文本,20151110124,xiangce.png
中国连环画封面大全,0,连环画封面相册,收藏 相册,图片:图像,20151110125,xiangce.png
中国古代神仙图部分尊像,0,神仙图相册,收藏 相册,图片:图像,20151110126,xiangce.png
中国56个民族的精美服饰大观,0,56个民族服装相册,收藏 相册,服装:图像||名族:文本,20151110127,xiangce.png
水浒108将画像图,0,,收藏 相册 小说 电影 影视,图片:图像,20151110129,xiangce.png
电影类型集库,0,电影名类型名录,电影 影视,整理状态（纠正归属）:文本||补充状态:文本||类型:文本||子型:文本||次型:文本||标签:文本||标题:文本||内容:文本||备注:文本||图片:文本||链接:文本||收藏类型:文本||贴吧:文本,20151110132,movie.png
家庭经济困难大学新生公示名单,0,,商业 教学 学校,序号:文本||姓名:文本||性别:文本||原学校:文本||录取学校:文本||家庭经济困难状况及原因:文本||通讯地址:文本||备注:文本,20151110178,shangye.png
家庭经济困难学生免费申请汇总表,0,,商业 教学 学校,序号:文本||校  名:文本||人数:文本||金额（元）:文本||序号:文本||校  名:文本||人数:文本||金额（元）:文本,20151110179,shangye.png
经济困难学生调查明细表,0,,商业 教学 学校,序号:文本||学生姓名:文本||性别:文本||就读年级:文本||户籍所在地:文本||困难类别:文本||监护人姓名:文本||备注:文本,20151110190,shangye.png
群管理任职记录,0,,群友 管理 聊天 记录,昵称:文本||QQ号:文本||群管理上任时间:日期||管理的群:文本||备注:文本,20151110217,gm.png
记钓到的鱼,0,,钓鱼 日常,鱼名:文本||日期:日期时间||照片1:图像||照片2:图像||照片3:图像||钓鱼地点:文本||钓鱼地点照片1:图像||钓鱼地点照片2:图像||钓鱼地点照片3:图像||备注:文本,20151128001,rchang.png
CPU型号大全,0,,电脑,型号:文本||芯片厂商:文本||CPU类型:单选[intel/AMD||工艺:文本||内核:文本]||核心数:文本||主频（MHz）:文本||HT:文本,20151128005,pc.png
主板型号大全,0,,电脑,主板名:文本||型号:文本||芯片厂商:文本||主板类型:单选[intel/AMD||集成显卡:布尔]||USB接口类型:文本||CPU接口类型:文本||音频接口类型:文本||显卡接口类型:文本||主板图片:图像,20151128006,pc.png
BIOS中英对照表,0,,电脑,BIOS类型:文本||英文名:文本||中文名:文本||作用:文本||参数设置:文本||备注:文本,20151128007,pc.png
会员到期提醒,,如果你经常开通很多会员，但是缺少会员到期提醒。那么你可以记录下来会员到期的日期，到时候，让软件提醒你。,日常 实用 提醒,会员名:文本||是否已到期:布尔||会员到期时间:日期时间,20151010214,clock.png
记食品价格,,,食品 食物,食品名:文本||价格:文本||记录日期:日期时间||已失效:布尔||备注:布尔,20151128009,shipin.png
班级值日表,,,教室 班级 值日 日常 学生,星期（周）:文本||值日生:文本,20151128013,clock.png
全景视频,,,VR 视频 全景视频 虚拟 网络,图片:图像||名称:文本||视频画质:单选[2K|4K|8K]||大小:文本||简介:文本||下载地址:文本||来源:文本,20151128015,sys.png
VR游戏,,,VR 游戏 虚拟 网络,图片:图像||名称:文本||大小:文本||平台:单选[安卓|苹果|电脑]||类别:单选[场景体验|射击竞技|角色扮演|其它]||简介:文本||下载地址:文本||来源:文本,20151128016,sys.png
文件库,,,文件 日常,文件名:文本||大小:文本||类型:单选[图片|文档|压缩包|软件]||标签:文本||级别:评级,20151128017,sys.png
笔记本2,,,电脑 笔记本,名称:文本||价格:文本||颜色:单选[白色|黑色|粉色|红色|银白]||平台:单选[intel|amd]||操作系统:文本||CPU类型:文本||CPU速度:文本||三级缓存:文本||内存容量:文本||内存容量类型:文本||内存最大容量:文本||硬盘容量:文本||显卡类型:文本||显卡芯片:文本||光驱类型:文本||显示器屏幕尺寸:文本||显示器屏幕规格:文本||显示比例:文本||物理分辨率:文本||屏幕类型:文本||内置蓝牙:文本||局域网:文本||无线局域网:文本||USB2.0:文本||音频接口:文本||其它接口:文本||USB3.0:文本||扬声器:文本||内置麦克风:文本||键盘:文本||触摸板:文本||网络摄像头:文本||指纹识别:文本||读卡器:文本||续航时间:文本||电源适配器:文本||机器尺寸:文本||机器净重:文本||特性描述:文本,20151128018,pc.png
硬盘,,,电脑 硬盘,图片:图像||名称:文本||价格:文本||购买日期:日期时间||品牌:文本||容量:文本||规格:多选[2.5英寸|3.5英寸|混合固态|普通级硬盘|企业级硬盘|监控级硬盘|笔记本硬盘|SSHD固态混合硬盘|硬盘配件]||接口:单选[IDE接口|双接口|SATA接口|MSATA接口|SAS接口]||规格参数:文本,20151128019,pc.png
手机购买记录,,,手机 数码 购买,图片:图像||手机名:文本||价格:文本||购买日期:日期时间||品牌:文本||颜色:文本||网路:文本||尺寸:文本||系统版本:文本||购买方式:文本||购买店铺链接:文本||规格参数:文本||备注:文本,20151128022,shouji.png
电子数码购买记录,,,数码 记录 购买,图片:图像||数码名:文本||购买日期:日期时间||购买方式:文本||购买链接:文本||规格参数:文本||备注:文本,20151128023,shouji.png
家具购买记录,,,日常 家庭 家具,图片:图像||家具名称:文本||购买日期:日期时间||价格:文本||购买方式:文本||链接:文本||标签:文本||规格参数:文本||备注:文本,20151128024,jilu.png
酒,,,食品 酒 日常,图片:图像||名称:文本||酒类型:单选[白酒|红酒|葡萄酒|其它]||价格:文本||生产国:文本||特性:文本||详细参数:文本||标签:文本||备注:文本,20151128026,wupin.png
茶叶,,,食品 日常,图片:图像||名称:文本||价格:文本||品种:文本||茶叶信息:文本||备注:文本,20151128027,wupin.png
配料表,,,配料 日常 食品,名称:文本||包装:文本||形状:文本||配料表:文本||标签:文本||备注:文本,20151128029,jilu.png
天文现象,,,天文 知识 其它,图片:图像||天文名:文本||别名:文本||外貌:文本||特征:文本||知识资料:文本||链接:文本||备注:文本,20151128032,jilu.png
地理,,,地理 知识 其它,图片:图像||地理名:文本||名称演变:文本||地理位置:文本||地理外貌:文本||地理结构:文本||气候特征:文本||自然资源:文本||自然保护:文本||风俗文化:文本||著名景点:文本,20151128033,jilu.png
生物,,,生物 知识 其它,图片:图像||生物名:文本||外形特征:文本||饲养条件:文本||生物习性:文本,20151128034,jilu.png
历史事件,,,历史 事件 知识 其它,图片:图像||事件名:文本||时间:日期时间||地点:文本||参与方:文本||事件过程:文本||事件影响:文本,20151128035,jilu.png
朝代,,,朝代 知识 其它,图片:图像||朝代名:文本||朝代时间:文本||存在时间:文本||国号:文本||历史:文本||疆域:文本||政治:文本||军事:文本||人口:文本||经济:文本||文化:文本||外交:文本||帝王世系:文本,20151128036,jilu.png
文物,,,文物 古玩 其它 知识,图片:图像||文物名:文本||发掘时间:日期时间||出土地点:文本||朝代:文本||外貌特征:文本||重量:文本||尺寸:文本||价值:文本||博物馆:文本,20151128037,jilu.png
景点,,,风景 美景 旅游 其它,景点图片:图像||景点名:文本||别名:文本||地点:文本||历史起源:文本||景点文物:文本,20151128038,zhiwu.png
盆栽价格,,,价格 购买 盆栽 日常,盆栽植物名:文本||价格:文本||购买日期:日期时间||购买地点:文本||备注:日期时间,20151128039,zhiwu.png
U盘档案,,,U盘 管理 档案 文档 文件 其它,U盘档案名:文本||编号:文本||文件简介:文本||文件类型:文本||加密:布尔||密码:文本||解密方法:文本||U盘文件列表:文本||标签:文本||备注:文本,20151128041,wupin.png
衣物价格,,,衣服 衣物 购买 日常,图片:图像||衣物名:文本||购买日期:日期时间||购买方式:文本||丢失或丢弃:布尔||规格参数:文本||标签:文本||备注:文本,20151128043,wupin.png
钓鱼器材价格,,,钓鱼 购买 日常,图片:布尔||名称:文本||价格:文本||购买方式:文本||购买时期:日期时间||已处理或丢弃:布尔,20151128044,wupin.png
食品价格,,,食品 价格 购买 日常,食品图片:图像||食品名:文本||价格:文本||购买方式:文本||购买日期:日期时间||备注:文本,20151128045,shipin.png
笔记本,,,电脑,图片:文本||笔记本名:文本||价格:文本||购买日期:日期时间||购买方式:文本||规格参数:文本,20151128046,pc.png
小说图绘,,,小说 书籍 手绘,图绘名:文本||图片:图像||图绘信息:文本,20151210017,book.png
小说角色草稿,,,小说 书籍 角色 草稿,角色图片:图像||角色名:文本||简述:文本||职业:文本,20151210018,book.png
